<xml xmlns:o="urn:schemas-microsoft-com:office:office">
 <o:MainFile HRef="../orgChart.htm"/>
 <o:File HRef="orgChart_data.xml"/>
 <o:File HRef="orgChart_utils.js"/>
 <o:File HRef="orgChart.css"/>
 <o:File HRef="orgChart_zoom.htm"/>
 <o:File HRef="orgChart_scroll.htm"/>
 <o:File HRef="orgChart_pagetabs.htm"/>
 <o:File HRef="orgChart_nav.htm"/>
 <o:File HRef="lt_off.gif"/>
 <o:File HRef="lt_over.gif"/>
 <o:File HRef="rt_off.gif"/>
 <o:File HRef="rt_over.gif"/>
 <o:File HRef="orgChart_nav2.htm"/>
 <o:File HRef="orgChart_propviewer.htm"/>
 <o:File HRef="orgChart_frames.htm"/>
 <o:File HRef="orgChart_vml_1.htm"/>
 <o:File HRef="orgChart_gif_1.htm"/>
 <o:File HRef="orgChart_vml_1.emz"/>
 <o:File HRef="orgChart_vml_1.js"/>
 <o:File HRef="orgChart_gif_1.gif"/>
 <o:File HRef="Filelist.xml"/>
</xml>