<VisioDocument xmlns="urn:schemas-microsoft-com:office:visio">
	<DocumentProperties>
		<Title>orgChart</Title>
		<HyperlinkBase href=""></HyperlinkBase>
	</DocumentProperties>
	<Pages>
		<Page ID="4" Name="Page-1" NameU="Page-1">
			<Shapes>
				<Shape ID="178" UniqueID="{6BEA0184-4E87-4FEB-9ED7-0EF5FB06325F}" Name="Sheet.178" NameU="Sheet.178">
					<XForm>
						<PinX Unit="FT_IN">1.816406250000000</PinX>
						<PinY Unit="FT_IN">0.417968750000000</PinY>
					</XForm>
				</Shape>
				<Shape ID="1" UniqueID="{DDCDA64F-3D90-44F1-8096-EBF7ECBB429A}" Name="Executive" NameU="Executive" Master="4">
					<Text>Robert A. Cardamone
Executive Director</Text>
					<XForm>
						<PinX Unit="FT_IN">10.625000000000000</PinX>
						<PinY Unit="FT_IN">9.718750000000000</PinY>
					</XForm>
					<Prop ID="9" Name="ocwiz_1" NameU="ocwiz_1">
						<Value Unit="STR">Robert A. Cardamone</Value>
						<Label>Employee Name</Label>
					</Prop>
					<Prop ID="10" Name="ocwiz_2" NameU="ocwiz_2">
						<Value Unit="STR">Executive Director</Value>
						<Label>Job Title</Label>
					</Prop>
				</Shape>
				<Shape ID="2" UniqueID="{F6368ABB-91A1-43AB-B30C-D4679777299C}" Name="Manager" NameU="Manager" Master="5">
					<Text>Betty J. Lowmaster
Controller</Text>
					<XForm>
						<PinX Unit="IN">15.337500000000000</PinX>
						<PinY Unit="FT_IN">8.781250000000000</PinY>
					</XForm>
					<Prop ID="9" Name="ocwiz_1" NameU="ocwiz_1">
						<Value Unit="STR">Betty J. Lowmaster</Value>
						<Label>Employee Name</Label>
					</Prop>
					<Prop ID="10" Name="ocwiz_2" NameU="ocwiz_2">
						<Value Unit="STR">Controller</Value>
						<Label>Job Title</Label>
					</Prop>
				</Shape>
				<Shape ID="3" UniqueID="{49759883-4C50-4D11-922F-0E52D0DD51BA}" Name="Manager.3" NameU="Manager.3" Master="5">
					<Text>Arlene Milligan
Accounting Manager</Text>
					<XForm>
						<PinX Unit="IN">15.337500000000000</PinX>
						<PinY Unit="FT_IN">8.156250000000000</PinY>
					</XForm>
					<Prop ID="9" Name="ocwiz_1" NameU="ocwiz_1">
						<Value Unit="STR">Arlene Milligan</Value>
						<Label>Employee Name</Label>
					</Prop>
					<Prop ID="10" Name="ocwiz_2" NameU="ocwiz_2">
						<Value Unit="STR">Accounting Manager</Value>
						<Label>Job Title</Label>
					</Prop>
				</Shape>
				<Shape ID="4" UniqueID="{D1C18B2B-5EC3-45A4-A6CD-717B63B25E2B}" Name="Position" NameU="Position" Master="6">
					<Text>Johannah Z. Simmons
Bookkeeper</Text>
					<XForm>
						<PinX Unit="IN">16.062500000000000</PinX>
						<PinY Unit="FT_IN">7.437500000000000</PinY>
					</XForm>
					<Prop ID="9" Name="ocwiz_1" NameU="ocwiz_1">
						<Value Unit="STR">Johannah Z. Simmons</Value>
						<Label>Employee Name</Label>
					</Prop>
					<Prop ID="10" Name="ocwiz_2" NameU="ocwiz_2">
						<Value Unit="STR">Bookkeeper</Value>
						<Label>Job Title</Label>
					</Prop>
				</Shape>
				<Shape ID="5" UniqueID="{E4FCABA4-537F-49B8-A33F-2E15884A4446}" Name="Position.5" NameU="Position.5" Master="6">
					<Text>Vacant
Bookkeeper (PT)</Text>
					<XForm>
						<PinX Unit="IN">14.625000000000000</PinX>
						<PinY Unit="FT_IN">7.437500000000000</PinY>
					</XForm>
					<Prop ID="9" Name="ocwiz_1" NameU="ocwiz_1">
						<Value Unit="STR">Vacant</Value>
						<Label>Employee Name</Label>
					</Prop>
					<Prop ID="10" Name="ocwiz_2" NameU="ocwiz_2">
						<Value Unit="STR">Bookkeeper (PT)</Value>
						<Label>Job Title</Label>
					</Prop>
				</Shape>
				<Shape ID="7" UniqueID="{7618C5A2-2C4C-41D3-9EF9-7E49D5F2F4D4}" Name="Manager.7" NameU="Manager.7" Master="5">
					<Text>Judith K. Elkin**
Director of Operations</Text>
					<XForm>
						<PinX Unit="FT_IN">3.875000000000000</PinX>
						<PinY Unit="FT_IN">8.906250000000000</PinY>
					</XForm>
					<Prop ID="9" Name="ocwiz_1" NameU="ocwiz_1">
						<Value Unit="STR">Judith K. Elkin**</Value>
						<Label>Employee Name</Label>
					</Prop>
					<Prop ID="10" Name="ocwiz_2" NameU="ocwiz_2">
						<Value Unit="STR">Director of Operations</Value>
						<Label>Job Title</Label>
					</Prop>
				</Shape>
				<Shape ID="8" UniqueID="{D3217978-C973-415C-AC99-900D390423FA}" Name="Position.8" NameU="Position.8" Master="6">
					<Text>Cheri E. Capela
Management Information Support Specialist </Text>
					<XForm>
						<PinX Unit="IN">5.437500000000000</PinX>
						<PinY Unit="FT_IN">6.062500000000000</PinY>
					</XForm>
					<Prop ID="9" Name="ocwiz_1" NameU="ocwiz_1">
						<Value Unit="STR">Cheri E. Capela</Value>
						<Label>Employee Name</Label>
					</Prop>
					<Prop ID="10" Name="ocwiz_2" NameU="ocwiz_2">
						<Value Unit="STR">Management Information Support Specialist </Value>
						<Label>Job Title</Label>
					</Prop>
				</Shape>
				<Shape ID="10" UniqueID="{014075CF-0CB0-4C46-952E-0953BB2B12A1}" Name="Manager.10" NameU="Manager.10" Master="5">
					<Text>Laura M. Beatty
CCIS Director</Text>
					<XForm>
						<PinX Unit="FT_IN">1.796875000000000</PinX>
						<PinY Unit="FT_IN">8.468750000000000</PinY>
					</XForm>
					<Prop ID="9" Name="ocwiz_1" NameU="ocwiz_1">
						<Value Unit="STR">Laura M. Beatty</Value>
						<Label>Employee Name</Label>
					</Prop>
					<Prop ID="10" Name="ocwiz_2" NameU="ocwiz_2">
						<Value Unit="STR">CCIS Director</Value>
						<Label>Job Title</Label>
					</Prop>
				</Shape>
				<Shape ID="11" UniqueID="{A319D97E-B26C-4043-BD5B-54147C1E6248}" Name="Position.11" NameU="Position.11" Master="6">
					<Text>Dora J. Calabrese
Resource &amp; Referral Specialist</Text>
					<XForm>
						<PinX Unit="IN">2.601600000000000</PinX>
						<PinY Unit="FT_IN">7.593750000000000</PinY>
					</XForm>
					<Prop ID="9" Name="ocwiz_1" NameU="ocwiz_1">
						<Value Unit="STR">Dora J. Calabrese</Value>
						<Label>Employee Name</Label>
					</Prop>
					<Prop ID="10" Name="ocwiz_2" NameU="ocwiz_2">
						<Value Unit="STR">Resource &amp; Referral Specialist</Value>
						<Label>Job Title</Label>
					</Prop>
				</Shape>
				<Shape ID="12" UniqueID="{CF2880E6-999A-4E35-8CB9-079AD4D25D7B}" Name="Position.12" NameU="Position.12" Master="6">
					<Text>Vacant
CCIS R&amp;R Assistant</Text>
					<XForm>
						<PinX Unit="FT_IN">2.593768750000000</PinX>
						<PinY Unit="FT_IN">7.968750000000000</PinY>
					</XForm>
					<Prop ID="9" Name="ocwiz_1" NameU="ocwiz_1">
						<Value Unit="STR">Vacant</Value>
						<Label>Employee Name</Label>
					</Prop>
					<Prop ID="10" Name="ocwiz_2" NameU="ocwiz_2">
						<Value Unit="STR">CCIS R&amp;R Assistant</Value>
						<Label>Job Title</Label>
					</Prop>
				</Shape>
				<Shape ID="13" UniqueID="{055C2022-1AFC-4614-9506-4412899E3945}" Name="Manager.13" NameU="Manager.13" Master="5">
					<Text>Robin L. Hopkins
CCIS Coordinator</Text>
					<XForm>
						<PinX Unit="FT_IN">0.875000000000000</PinX>
						<PinY Unit="FT_IN">7.843750000000000</PinY>
					</XForm>
					<Prop ID="9" Name="ocwiz_1" NameU="ocwiz_1">
						<Value Unit="STR">Robin L. Hopkins</Value>
						<Label>Employee Name</Label>
					</Prop>
					<Prop ID="10" Name="ocwiz_2" NameU="ocwiz_2">
						<Value Unit="STR">CCIS Coordinator</Value>
						<Label>Job Title</Label>
					</Prop>
				</Shape>
				<Shape ID="14" UniqueID="{04C76966-527E-4BD5-8071-CD4A30FDB329}" Name="Position.14" NameU="Position.14" Master="6">
					<Text>Jan L. Haag
CCIS Project Assistant</Text>
					<XForm>
						<PinX Unit="FT_IN">2.601562500000000</PinX>
						<PinY Unit="FT_IN">7.187500000000000</PinY>
					</XForm>
					<Prop ID="9" Name="ocwiz_1" NameU="ocwiz_1">
						<Value Unit="STR">Jan L. Haag</Value>
						<Label>Employee Name</Label>
					</Prop>
					<Prop ID="10" Name="ocwiz_2" NameU="ocwiz_2">
						<Value Unit="STR">CCIS Project Assistant</Value>
						<Label>Job Title</Label>
					</Prop>
				</Shape>
				<Shape ID="15" UniqueID="{B57C7AD8-8403-4933-928B-833F2DB7CFF7}" Name="Position.15" NameU="Position.15" Master="6">
					<Text>Laura E. Hartman
Eligibility Specialist</Text>
					<XForm>
						<PinX Unit="FT_IN">1.000000000000000</PinX>
						<PinY Unit="IN">7.125000000000000</PinY>
					</XForm>
					<Prop ID="9" Name="ocwiz_1" NameU="ocwiz_1">
						<Value Unit="STR">Laura E. Hartman</Value>
						<Label>Employee Name</Label>
					</Prop>
					<Prop ID="10" Name="ocwiz_2" NameU="ocwiz_2">
						<Value Unit="STR">Eligibility Specialist</Value>
						<Label>Job Title</Label>
					</Prop>
				</Shape>
				<Shape ID="16" UniqueID="{B309583F-7DED-4F9A-B207-BFA9B3A8CE37}" Name="Position.16" NameU="Position.16" Master="6">
					<Text>Tracey L. DuPont
Eligibility Specialist</Text>
					<XForm>
						<PinX Unit="IN">1.000000000000000</PinX>
						<PinY Unit="IN">6.750000000000000</PinY>
					</XForm>
					<Prop ID="9" Name="ocwiz_1" NameU="ocwiz_1">
						<Value Unit="STR">Tracey L. DuPont</Value>
						<Label>Employee Name</Label>
					</Prop>
					<Prop ID="10" Name="ocwiz_2" NameU="ocwiz_2">
						<Value Unit="STR">Eligibility Specialist</Value>
						<Label>Position</Label>
					</Prop>
				</Shape>
				<Shape ID="17" UniqueID="{DBEFCF59-DC61-4867-961D-CA3D0EA46771}" Name="Manager.17" NameU="Manager.17" Master="5">
					<Text>Jenna M. Tkacik
Training &amp; Education Coordinator</Text>
					<XForm>
						<PinX Unit="IN">5.363250000000000</PinX>
						<PinY Unit="FT_IN">7.250000000000000</PinY>
					</XForm>
					<Prop ID="9" Name="ocwiz_1" NameU="ocwiz_1">
						<Value Unit="STR">Jenna M. Tkacik</Value>
						<Label>Employee Name</Label>
					</Prop>
					<Prop ID="10" Name="ocwiz_2" NameU="ocwiz_2">
						<Value Unit="STR">Training &amp; Education Coordinator</Value>
						<Label>Job Title</Label>
					</Prop>
				</Shape>
				<Shape ID="18" UniqueID="{C5F00E7A-2010-4A90-B6C2-AC4221345C0E}" Name="Position.18" NameU="Position.18" Master="6">
					<Text>Michelene R. Schwabenbauer
Case Manager</Text>
					<XForm>
						<PinX Unit="IN">6.113250000000000</PinX>
						<PinY Unit="FT_IN">6.750000000000000</PinY>
					</XForm>
					<Prop ID="9" Name="ocwiz_1" NameU="ocwiz_1">
						<Value Unit="STR">Michelene R. Schwabenbauer</Value>
						<Label>Employee Name</Label>
					</Prop>
					<Prop ID="10" Name="ocwiz_2" NameU="ocwiz_2">
						<Value Unit="STR">Case Manager</Value>
						<Label>Job Title</Label>
					</Prop>
				</Shape>
				<Shape ID="19" UniqueID="{ED3B9C55-E7D8-4683-A85C-C5FBDA84AE8F}" Name="Manager.19" NameU="Manager.19" Master="5">
					<Text>Susan K. Fusco
Community Services Director</Text>
					<XForm>
						<PinX Unit="FT_IN">3.875000000000000</PinX>
						<PinY Unit="IN">5.000000000000000</PinY>
					</XForm>
					<Prop ID="9" Name="ocwiz_1" NameU="ocwiz_1">
						<Value Unit="STR">Susan K. Fusco</Value>
						<Label>Employee Name</Label>
					</Prop>
					<Prop ID="10" Name="ocwiz_2" NameU="ocwiz_2">
						<Value Unit="STR">Community Services Director</Value>
						<Label>Job Title</Label>
					</Prop>
				</Shape>
				<Shape ID="20" UniqueID="{AF446520-85CD-47CB-A33A-9D8D654A503E}" Name="Position.20" NameU="Position.20" Master="6">
					<Text>Deborah A. Gaffney
Case Manager</Text>
					<XForm>
						<PinX Unit="FT_IN">3.250000000000000</PinX>
						<PinY Unit="IN">4.375000000000000</PinY>
					</XForm>
					<Prop ID="9" Name="ocwiz_1" NameU="ocwiz_1">
						<Value Unit="STR">Deborah A. Gaffney</Value>
						<Label>Employee Name</Label>
					</Prop>
					<Prop ID="10" Name="ocwiz_2" NameU="ocwiz_2">
						<Value Unit="STR">Case Manager</Value>
						<Label>Job Title</Label>
					</Prop>
				</Shape>
				<Shape ID="22" UniqueID="{96263766-EA0C-4C72-A488-5F698AFFE548}" Name="Manager.22" NameU="Manager.22" Master="5">
					<Text>Jeffrey N. Byerly
Property Rehabilitation Manager</Text>
					<XForm>
						<PinX Unit="IN">1.289100000000000</PinX>
						<PinY Unit="IN">4.250000000000000</PinY>
					</XForm>
					<Prop ID="9" Name="ocwiz_1" NameU="ocwiz_1">
						<Value Unit="STR">Jeffrey N. Byerly</Value>
						<Label>Employee Name</Label>
					</Prop>
					<Prop ID="10" Name="ocwiz_2" NameU="ocwiz_2">
						<Value Unit="STR">Property Rehabilitation Manager</Value>
						<Label>Job Title</Label>
					</Prop>
				</Shape>
				<Shape ID="24" UniqueID="{719E72EF-86F6-458E-91B6-FB686F703C31}" Name="Position.24" NameU="Position.24" Master="6">
					<Text>Samuel R. Williams
Auditor / Inspector</Text>
					<XForm>
						<PinX Unit="FT_IN">1.273437500000000</PinX>
						<PinY Unit="FT_IN">3.875000000000000</PinY>
					</XForm>
					<Prop ID="9" Name="ocwiz_1" NameU="ocwiz_1">
						<Value Unit="STR">Samuel R. Williams</Value>
						<Label>Employee Name</Label>
					</Prop>
					<Prop ID="10" Name="ocwiz_2" NameU="ocwiz_2">
						<Value Unit="STR">Auditor / Inspector</Value>
						<Label>Job Title</Label>
					</Prop>
				</Shape>
				<Shape ID="25" UniqueID="{E36A2454-D4C0-4CC5-BAF5-6D1D307527DA}" Name="Position.25" NameU="Position.25" Master="6">
					<Text>Douglas L. Guntrum
Maintenance &amp; Repair Worker</Text>
					<XForm>
						<PinX Unit="IN">1.275350000000000</PinX>
						<PinY Unit="IN">3.500000000000000</PinY>
					</XForm>
					<Prop ID="9" Name="ocwiz_1" NameU="ocwiz_1">
						<Value Unit="STR">Douglas L. Guntrum</Value>
						<Label>Employee Name</Label>
					</Prop>
					<Prop ID="10" Name="ocwiz_2" NameU="ocwiz_2">
						<Value Unit="STR">Maintenance &amp; Repair Worker</Value>
						<Label>Job Title</Label>
					</Prop>
				</Shape>
				<Shape ID="26" UniqueID="{55918AAB-FC25-40B0-ACB0-0FC82DC20816}" Name="Manager.26" NameU="Manager.26" Master="5">
					<Text>Karla K. Moses
Community Services Supervisor</Text>
					<XForm>
						<PinX Unit="IN">7.085950000000000</PinX>
						<PinY Unit="IN">4.375000000000000</PinY>
					</XForm>
					<Prop ID="9" Name="ocwiz_1" NameU="ocwiz_1">
						<Value Unit="STR">Karla K. Moses</Value>
						<Label>Employee Name</Label>
					</Prop>
					<Prop ID="10" Name="ocwiz_2" NameU="ocwiz_2">
						<Value Unit="STR">Community Services Supervisor</Value>
						<Label>Job Title</Label>
					</Prop>
				</Shape>
				<Shape ID="27" UniqueID="{DBAC6C96-F06E-4A9B-8B9B-BD83306AD63D}" Name="Position.27" NameU="Position.27" Master="6">
					<Text>Vacant
Community Services Assistant</Text>
					<XForm>
						<PinX Unit="IN">6.136750000000000</PinX>
						<PinY Unit="FT_IN">3.812500000000000</PinY>
					</XForm>
					<Prop ID="9" Name="ocwiz_1" NameU="ocwiz_1">
						<Value Unit="STR">Vacant</Value>
						<Label>Employee Name</Label>
					</Prop>
					<Prop ID="10" Name="ocwiz_2" NameU="ocwiz_2">
						<Value Unit="STR">Community Services Assistant</Value>
						<Label>Job Title</Label>
					</Prop>
				</Shape>
				<Shape ID="29" UniqueID="{995EC329-2735-4E07-B2AB-8AC3E2A9645D}" Name="Position.29" NameU="Position.29" Master="6">
					<Text>Mark A. Carlson
Case Manager</Text>
					<XForm>
						<PinX Unit="IN">8.007800000000000</PinX>
						<PinY Unit="FT_IN">3.312500000000000</PinY>
					</XForm>
					<Prop ID="9" Name="ocwiz_1" NameU="ocwiz_1">
						<Value Unit="STR">Mark A. Carlson</Value>
						<Label>Employee Name</Label>
					</Prop>
					<Prop ID="10" Name="ocwiz_2" NameU="ocwiz_2">
						<Value Unit="STR">Case Manager</Value>
						<Label>Job Title</Label>
					</Prop>
				</Shape>
				<Shape ID="30" UniqueID="{6457FE23-0E43-4B7F-A504-1FC472D40DE3}" Name="Position.30" NameU="Position.30" Master="6">
					<Text>Rita R. Bullers
Community Services Assistant</Text>
					<XForm>
						<PinX Unit="IN">8.023450000000000</PinX>
						<PinY Unit="FT_IN">3.812500000000000</PinY>
					</XForm>
					<Prop ID="9" Name="ocwiz_1" NameU="ocwiz_1">
						<Value Unit="STR">Rita R. Bullers</Value>
						<Label>Employee Name</Label>
					</Prop>
					<Prop ID="10" Name="ocwiz_2" NameU="ocwiz_2">
						<Value Unit="STR">Community Services Assistant</Value>
						<Label>Job Title</Label>
					</Prop>
				</Shape>
				<Shape ID="31" UniqueID="{7753A87C-2D52-44E4-855D-BDC2B70286CB}" Name="Manager.31" NameU="Manager.31" Master="5">
					<Text>Kathy A. Reddinger
Community Services Supervisor</Text>
					<XForm>
						<PinX Unit="FT_IN">3.875000000000000</PinX>
						<PinY Unit="IN">3.750000000000000</PinY>
					</XForm>
					<Prop ID="9" Name="ocwiz_1" NameU="ocwiz_1">
						<Value Unit="STR">Kathy A. Reddinger</Value>
						<Label>Employee Name</Label>
					</Prop>
					<Prop ID="10" Name="ocwiz_2" NameU="ocwiz_2">
						<Value Unit="STR">Community Services Supervisor</Value>
						<Label>Job Title</Label>
					</Prop>
				</Shape>
				<Shape ID="32" UniqueID="{CEFFE35F-0CA1-426A-B7A0-1E3176C39C06}" Name="Position.32" NameU="Position.32" Master="6">
					<Text>Becky J. Colgan
Case Manager</Text>
					<XForm>
						<PinX Unit="IN">5.195350000000000</PinX>
						<PinY Unit="FT_IN">2.312500000000000</PinY>
					</XForm>
					<Prop ID="9" Name="ocwiz_1" NameU="ocwiz_1">
						<Value Unit="STR">Becky J. Colgan</Value>
						<Label>Employee Name</Label>
					</Prop>
					<Prop ID="10" Name="ocwiz_2" NameU="ocwiz_2">
						<Value Unit="STR">Case Manager</Value>
						<Label>Job Title</Label>
					</Prop>
				</Shape>
				<Shape ID="33" UniqueID="{96D27CD6-5A8B-439B-965E-F6698D4E7D6B}" Name="Position.33" NameU="Position.33" Master="6">
					<Text>Linda L. Elliott
Case Manager</Text>
					<XForm>
						<PinX Unit="IN">7.070350000000000</PinX>
						<PinY Unit="FT_IN">1.812500000000000</PinY>
					</XForm>
					<Prop ID="9" Name="ocwiz_1" NameU="ocwiz_1">
						<Value Unit="STR">Linda L. Elliott</Value>
						<Label>Employee Name</Label>
					</Prop>
					<Prop ID="10" Name="ocwiz_2" NameU="ocwiz_2">
						<Value Unit="STR">Case Manager</Value>
						<Label>Job Title</Label>
					</Prop>
				</Shape>
				<Shape ID="34" UniqueID="{520E6D87-3341-4BDB-B660-8F601CDA600C}" Name="Position.34" NameU="Position.34" Master="6">
					<Text>Pamela M. Horner
Community Services Assistant</Text>
					<XForm>
						<PinX Unit="IN">2.960950000000000</PinX>
						<PinY Unit="FT_IN">2.812500000000000</PinY>
					</XForm>
					<Prop ID="9" Name="ocwiz_1" NameU="ocwiz_1">
						<Value Unit="STR">Pamela M. Horner</Value>
						<Label>Employee Name</Label>
					</Prop>
					<Prop ID="10" Name="ocwiz_2" NameU="ocwiz_2">
						<Value Unit="STR">Community Services Assistant</Value>
						<Label>Job Title</Label>
					</Prop>
				</Shape>
				<Shape ID="35" UniqueID="{1666076C-D981-4769-B861-154CE009321F}" Name="Position.35" NameU="Position.35" Master="6">
					<Text>Patricia A. Jones
Case Manager</Text>
					<XForm>
						<PinX Unit="IN">7.070350000000000</PinX>
						<PinY Unit="FT_IN">2.312500000000000</PinY>
					</XForm>
					<Prop ID="9" Name="ocwiz_1" NameU="ocwiz_1">
						<Value Unit="STR">Patricia A. Jones</Value>
						<Label>Employee Name</Label>
					</Prop>
					<Prop ID="10" Name="ocwiz_2" NameU="ocwiz_2">
						<Value Unit="STR">Case Manager</Value>
						<Label>Job Title</Label>
					</Prop>
				</Shape>
				<Shape ID="36" UniqueID="{B5E46E8A-0A8E-4A95-9FAE-14283DC8EE1C}" Name="Position.36" NameU="Position.36" Master="6">
					<Text>Peggy A. Murone
Case Manager</Text>
					<XForm>
						<PinX Unit="IN">5.195350000000000</PinX>
						<PinY Unit="IN">1.812500000000000</PinY>
					</XForm>
					<Prop ID="9" Name="ocwiz_1" NameU="ocwiz_1">
						<Value Unit="STR">Peggy A. Murone</Value>
						<Label>Employee Name</Label>
					</Prop>
					<Prop ID="10" Name="ocwiz_2" NameU="ocwiz_2">
						<Value Unit="STR">Case Manager</Value>
						<Label>Job Title</Label>
					</Prop>
				</Shape>
				<Shape ID="46" UniqueID="{3C1E451C-8988-4E62-A1AB-6AC834CDCDCC}" Name="Manager.46" NameU="Manager.46" Master="5">
					<Text>Nancy H. Chelgren
Director of Planning &amp; Evaluation (PT)</Text>
					<XForm>
						<PinX Unit="FT_IN">9.396500000000000</PinX>
						<PinY Unit="FT_IN">8.250000000000000</PinY>
					</XForm>
					<Prop ID="9" Name="ocwiz_1" NameU="ocwiz_1">
						<Value Unit="STR">Nancy H. Chelgren</Value>
						<Label>Employee Name</Label>
					</Prop>
					<Prop ID="10" Name="ocwiz_2" NameU="ocwiz_2">
						<Value Unit="STR">Director of Planning &amp; Evaluation (PT)</Value>
						<Label>Job Title</Label>
					</Prop>
				</Shape>
				<Shape ID="47" UniqueID="{CA2CAC8B-1B19-45C6-B4A6-A4D3E55346A1}" Name="Manager.47" NameU="Manager.47" Master="5">
					<Text>Katherine R. Stamler
Adult Education Director</Text>
					<XForm>
						<PinX Unit="IN">9.384950000000000</PinX>
						<PinY Unit="IN">6.312500000000000</PinY>
					</XForm>
					<Prop ID="9" Name="ocwiz_1" NameU="ocwiz_1">
						<Value Unit="STR">Katherine R. Stamler</Value>
						<Label>Employee Name</Label>
					</Prop>
					<Prop ID="10" Name="ocwiz_2" NameU="ocwiz_2">
						<Value Unit="STR">Adult Education Director</Value>
						<Label>Job Title</Label>
					</Prop>
				</Shape>
				<Shape ID="49" UniqueID="{214CB561-40F7-43EB-AC80-E6C5AB2D9238}" Name="Position.49" NameU="Position.49" Master="6">
					<Text>Carol S. Stanford
Adult Education Instructor (PT)</Text>
					<XForm>
						<PinX Unit="IN">10.085950000000000</PinX>
						<PinY Unit="IN">4.812500000000000</PinY>
					</XForm>
					<Prop ID="9" Name="ocwiz_1" NameU="ocwiz_1">
						<Value Unit="STR">Carol S. Stanford</Value>
						<Label>Employee Name</Label>
					</Prop>
					<Prop ID="10" Name="ocwiz_2" NameU="ocwiz_2">
						<Value Unit="STR">Adult Education Instructor (PT)</Value>
						<Label>Job Title</Label>
					</Prop>
				</Shape>
				<Shape ID="50" UniqueID="{BABBB0F2-CA01-4D4D-9706-D827830294A2}" Name="Position.50" NameU="Position.50" Master="6">
					<Text>James R. O'Connor
Adult Education Instructor (PT)</Text>
					<XForm>
						<PinX Unit="IN">10.085950000000000</PinX>
						<PinY Unit="FT_IN">3.312500000000000</PinY>
					</XForm>
					<Prop ID="9" Name="ocwiz_1" NameU="ocwiz_1">
						<Value Unit="STR">James R. O'Connor</Value>
						<Label>Employee Name</Label>
					</Prop>
					<Prop ID="10" Name="ocwiz_2" NameU="ocwiz_2">
						<Value Unit="STR">Adult Education Instructor (PT)</Value>
						<Label>Job Title</Label>
					</Prop>
				</Shape>
				<Shape ID="51" UniqueID="{A2FF27A8-8D98-4439-8BDB-F83257BD1968}" Name="Position.51" NameU="Position.51" Master="6">
					<Text>Rochele R. Hepler
Adult Education Instructor (PT)</Text>
					<XForm>
						<PinX Unit="IN">10.085950000000000</PinX>
						<PinY Unit="IN">4.062500000000000</PinY>
					</XForm>
					<Prop ID="9" Name="ocwiz_1" NameU="ocwiz_1">
						<Value Unit="STR">Rochele R. Hepler</Value>
						<Label>Employee Name</Label>
					</Prop>
					<Prop ID="10" Name="ocwiz_2" NameU="ocwiz_2">
						<Value Unit="STR">Adult Education Instructor (PT)</Value>
						<Label>Job Title</Label>
					</Prop>
				</Shape>
				<Shape ID="53" UniqueID="{FF87CE43-32BC-4AF0-91C6-2DB921BD0FA5}" Name="Position.53" NameU="Position.53" Master="6">
					<Text>Vacant
Adult Education Instruction Supervisor</Text>
					<XForm>
						<PinX Unit="IN">10.093750000000000</PinX>
						<PinY Unit="FT_IN">5.437500000000000</PinY>
					</XForm>
					<Prop ID="9" Name="ocwiz_1" NameU="ocwiz_1">
						<Value Unit="STR">Vacant</Value>
						<Label>Employee Name</Label>
					</Prop>
					<Prop ID="10" Name="ocwiz_2" NameU="ocwiz_2">
						<Value Unit="STR">Adult Education Instruction Supervisor</Value>
						<Label>Job Title</Label>
					</Prop>
				</Shape>
				<Shape ID="55" UniqueID="{000A301A-9B25-44A8-B5B9-8FA99FE4AD98}" Name="Position.55" NameU="Position.55" Master="6">
					<Text>Susan M. Hill
Community Services Assistant</Text>
					<XForm>
						<PinX Unit="IN">8.351550000000000</PinX>
						<PinY Unit="FT_IN">5.437500000000000</PinY>
					</XForm>
					<Prop ID="9" Name="ocwiz_1" NameU="ocwiz_1">
						<Value Unit="STR">Susan M. Hill</Value>
						<Label>Employee Name</Label>
					</Prop>
					<Prop ID="10" Name="ocwiz_2" NameU="ocwiz_2">
						<Value Unit="STR">Community Services Assistant</Value>
						<Label>Job Title</Label>
					</Prop>
				</Shape>
				<Shape ID="56" UniqueID="{BC5FD13A-560C-460D-9672-FA520AD3DAB6}" Name="Position.56" NameU="Position.56" Master="6">
					<Text>Theresea W. Myers
Adult Education Instructor (PT)</Text>
					<XForm>
						<PinX Unit="IN">10.085950000000000</PinX>
						<PinY Unit="IN">4.437500000000000</PinY>
					</XForm>
					<Prop ID="9" Name="ocwiz_1" NameU="ocwiz_1">
						<Value Unit="STR">Theresea W. Myers</Value>
						<Label>Employee Name</Label>
					</Prop>
					<Prop ID="10" Name="ocwiz_2" NameU="ocwiz_2">
						<Value Unit="STR">Adult Education Instructor (PT)</Value>
						<Label>Job Title</Label>
					</Prop>
				</Shape>
				<Shape ID="57" UniqueID="{E2EEFE71-2BF5-49ED-A5D4-377287EFAD55}" Name="Manager.57" NameU="Manager.57" Master="5">
					<Text>Maria C. Gatesman
Senior Corps Director</Text>
					<XForm>
						<PinX Unit="IN">7.830150000000000</PinX>
						<PinY Unit="IN">7.687500000000000</PinY>
					</XForm>
					<Prop ID="9" Name="ocwiz_1" NameU="ocwiz_1">
						<Value Unit="STR">Maria C. Gatesman</Value>
						<Label>Employee Name</Label>
					</Prop>
					<Prop ID="10" Name="ocwiz_2" NameU="ocwiz_2">
						<Value Unit="STR">Senior Corps Director</Value>
						<Label>Job Title</Label>
					</Prop>
				</Shape>
				<Shape ID="58" UniqueID="{6127BFC2-83C2-498D-A7E4-E5D3BEB5708C}" Name="Position.58" NameU="Position.58" Master="6">
					<Text>Anna M. Meterko
Punxsutawney (GT)(PT)</Text>
					<XForm>
						<PinX Unit="FT_IN">8.258856250000001</PinX>
						<PinY Unit="FT_IN">7.312500000000000</PinY>
					</XForm>
					<Prop ID="9" Name="ocwiz_1" NameU="ocwiz_1">
						<Value Unit="STR">Anna M. Meterko</Value>
						<Label>Employee Name</Label>
					</Prop>
					<Prop ID="10" Name="ocwiz_2" NameU="ocwiz_2">
						<Value Unit="STR">Punxsutawney (GT)(PT)</Value>
						<Label>Job Title</Label>
					</Prop>
				</Shape>
				<Shape ID="59" UniqueID="{58BEB631-55C4-4DF9-BD1B-14B89DC333D8}" Name="Position.59" NameU="Position.59" Master="6">
					<Text>Janeen K. Love
Senior Corps Recruitment Specialist</Text>
					<XForm>
						<PinX Unit="IN">8.259850000000000</PinX>
						<PinY Unit="IN">6.937500000000000</PinY>
					</XForm>
					<Prop ID="9" Name="ocwiz_1" NameU="ocwiz_1">
						<Value Unit="STR">Janeen K. Love</Value>
						<Label>Employee Name</Label>
					</Prop>
					<Prop ID="10" Name="ocwiz_2" NameU="ocwiz_2">
						<Value Unit="STR">Senior Corps Recruitment Specialist</Value>
						<Label>Job Title</Label>
					</Prop>
				</Shape>
				<Shape ID="60" UniqueID="{3A003838-391D-4434-A8E4-944EFF7B6AEE}" Name="Position.60" NameU="Position.60" Master="6">
					<Text>John E. Pozza
FSSR Director (PT)</Text>
					<XForm>
						<PinX Unit="FT_IN">10.515637500000000</PinX>
						<PinY Unit="FT_IN">7.687500000000000</PinY>
					</XForm>
					<Prop ID="9" Name="ocwiz_1" NameU="ocwiz_1">
						<Value Unit="STR">John E. Pozza</Value>
						<Label>Employee Name</Label>
					</Prop>
					<Prop ID="10" Name="ocwiz_2" NameU="ocwiz_2">
						<Value Unit="STR">FSSR Director (PT)</Value>
						<Label>Job Title</Label>
					</Prop>
				</Shape>
				<Shape ID="61" UniqueID="{91A2DDA2-7F43-4F3A-8D81-4D6FD9806174}" Name="Manager.61" NameU="Manager.61" Master="5">
					<Text>Cathy L. Riggie
DV Services Coordinator</Text>
					<XForm>
						<PinX Unit="IN">18.539050000000000</PinX>
						<PinY Unit="FT_IN">8.125000000000000</PinY>
					</XForm>
					<Prop ID="9" Name="ocwiz_1" NameU="ocwiz_1">
						<Value Unit="STR">Cathy L. Riggie</Value>
						<Label>Employee Name</Label>
					</Prop>
					<Prop ID="10" Name="ocwiz_2" NameU="ocwiz_2">
						<Value Unit="STR">DV Services Coordinator</Value>
						<Label>Job Title</Label>
					</Prop>
				</Shape>
				<Shape ID="62" UniqueID="{A8B80507-9F41-4206-A98E-BF4361058627}" Name="Position.62" NameU="Position.62" Master="6">
					<Text>B. Joyce Bietz
Counselor / Advocate I </Text>
					<XForm>
						<PinX Unit="IN">17.812500000000000</PinX>
						<PinY Unit="IN">7.687500000000000</PinY>
					</XForm>
					<Prop ID="9" Name="ocwiz_1" NameU="ocwiz_1">
						<Value Unit="STR">B. Joyce Bietz</Value>
						<Label>Employee Name</Label>
					</Prop>
					<Prop ID="10" Name="ocwiz_2" NameU="ocwiz_2">
						<Value Unit="STR">Counselor / Advocate I</Value>
						<Label>Job Title</Label>
					</Prop>
				</Shape>
				<Shape ID="63" UniqueID="{3EC04DE9-0E96-4B22-846D-50668A8E268B}" Name="Position.63" NameU="Position.63" Master="6">
					<Text>Barbara P. Blose
Counselor / Advocate I (PT)</Text>
					<XForm>
						<PinX Unit="IN">19.339849999999998</PinX>
						<PinY Unit="IN">7.687500000000000</PinY>
					</XForm>
					<Prop ID="9" Name="ocwiz_1" NameU="ocwiz_1">
						<Value Unit="STR">Barbara P. Blose</Value>
						<Label>Employee Name</Label>
					</Prop>
					<Prop ID="10" Name="ocwiz_2" NameU="ocwiz_2">
						<Value Unit="STR">Counselor / Advocate I (PT)</Value>
						<Label>Job Title</Label>
					</Prop>
				</Shape>
				<Shape ID="64" UniqueID="{96BB1732-2B19-454E-8853-2E1B015B0DB0}" Name="Manager.64" NameU="Manager.64" Master="5">
					<Text>Susan G. F. McLaughlin
Crossroads Director</Text>
					<XForm>
						<PinX Unit="FT_IN">18.539059375000001</PinX>
						<PinY Unit="FT_IN">8.843750000000000</PinY>
					</XForm>
					<Prop ID="9" Name="ocwiz_1" NameU="ocwiz_1">
						<Value Unit="STR">Susan G. F. McLaughlin</Value>
						<Label>Employee Name</Label>
					</Prop>
					<Prop ID="10" Name="ocwiz_2" NameU="ocwiz_2">
						<Value Unit="STR">Crossroads Director</Value>
						<Label>Job Title</Label>
					</Prop>
				</Shape>
				<Shape ID="65" UniqueID="{0BEED55E-9949-4AAA-B2B6-2BFA9B7497B5}" Name="Position.65" NameU="Position.65" Master="6">
					<Text>Josephine E. Helman
Punxsutawney (GT) (PT)</Text>
					<XForm>
						<PinX Unit="FT_IN">20.710931250000002</PinX>
						<PinY Unit="FT_IN">8.125000000000000</PinY>
					</XForm>
					<Prop ID="9" Name="ocwiz_1" NameU="ocwiz_1">
						<Value Unit="STR">Josephine E. Helman</Value>
						<Label>Employee Name</Label>
					</Prop>
					<Prop ID="10" Name="ocwiz_2" NameU="ocwiz_2">
						<Value Unit="STR">Punxsutawney (GT) (PT)</Value>
						<Label>Job Title</Label>
					</Prop>
				</Shape>
				<Shape ID="66" UniqueID="{C10FE125-92F2-4595-8CA0-A996D333A43B}" Name="Position.66" NameU="Position.66" Master="6">
					<Text>Vacant
Counselor / Advocate II (PT)</Text>
					<XForm>
						<PinX Unit="FT_IN">19.335949999999997</PinX>
						<PinY Unit="FT_IN">5.375000000000000</PinY>
					</XForm>
					<Prop ID="9" Name="ocwiz_1" NameU="ocwiz_1">
						<Value Unit="STR">Vacant</Value>
						<Label>Employee Name</Label>
					</Prop>
					<Prop ID="10" Name="ocwiz_2" NameU="ocwiz_2">
						<Value Unit="STR">Counselor / Advocate II (PT)</Value>
						<Label>Job Title</Label>
					</Prop>
				</Shape>
				<Shape ID="67" UniqueID="{CDB2A1E4-0393-49B6-87EC-7C5881E4A9B0}" Name="Position.67" NameU="Position.67" Master="6">
					<Text>Drucilla A. Johns
Counselor / Advocate II</Text>
					<XForm>
						<PinX Unit="IN">17.812500000000000</PinX>
						<PinY Unit="FT_IN">7.187500000000000</PinY>
					</XForm>
					<Prop ID="9" Name="ocwiz_1" NameU="ocwiz_1">
						<Value Unit="STR">Drucilla A. Johns</Value>
						<Label>Employee Name</Label>
					</Prop>
					<Prop ID="10" Name="ocwiz_2" NameU="ocwiz_2">
						<Value Unit="STR">Counselor / Advocate II</Value>
						<Label>Job Title</Label>
					</Prop>
				</Shape>
				<Shape ID="68" UniqueID="{9238D853-1787-47BD-B14E-157B44AAF529}" Name="Position.68" NameU="Position.68" Master="6">
					<Text>Helen K. Kvant
Counselor / Advocate I (PT)</Text>
					<XForm>
						<PinX Unit="IN">19.335950000000000</PinX>
						<PinY Unit="FT_IN">6.750000000000000</PinY>
					</XForm>
					<Prop ID="9" Name="ocwiz_1" NameU="ocwiz_1">
						<Value Unit="STR">Helen K. Kvant</Value>
						<Label>Employee Name</Label>
					</Prop>
					<Prop ID="10" Name="ocwiz_2" NameU="ocwiz_2">
						<Value Unit="STR">Counselor / Advocate I (PT)</Value>
						<Label>Job Title</Label>
					</Prop>
				</Shape>
				<Shape ID="69" UniqueID="{F6E964FF-168C-4528-817D-B77F44F362D8}" Name="Position.69" NameU="Position.69" Master="6">
					<Text>Jacqueline S. Ananea
Counselor / Advocate I (PT)</Text>
					<XForm>
						<PinX Unit="IN">19.335950000000000</PinX>
						<PinY Unit="FT_IN">6.250000000000000</PinY>
					</XForm>
					<Prop ID="9" Name="ocwiz_1" NameU="ocwiz_1">
						<Value Unit="STR">Jacqueline S. Ananea</Value>
						<Label>Employee Name</Label>
					</Prop>
					<Prop ID="10" Name="ocwiz_2" NameU="ocwiz_2">
						<Value Unit="STR">Counselor / Advocate I (PT)</Value>
						<Label>Job Title</Label>
					</Prop>
				</Shape>
				<Shape ID="70" UniqueID="{1922A02D-7E3C-45D3-A2C0-68F3AFE8F8FB}" Name="Position.70" NameU="Position.70" Master="6">
					<Text>Karen J. Redmond
Counselor / Advocate II</Text>
					<XForm>
						<PinX Unit="FT_IN">19.343750000000000</PinX>
						<PinY Unit="FT_IN">7.187500000000000</PinY>
					</XForm>
					<Prop ID="9" Name="ocwiz_1" NameU="ocwiz_1">
						<Value Unit="STR">Karen J. Redmond</Value>
						<Label>Employee Name</Label>
					</Prop>
					<Prop ID="10" Name="ocwiz_2" NameU="ocwiz_2">
						<Value Unit="STR">Counselor / Advocate II</Value>
						<Label>Job Title</Label>
					</Prop>
				</Shape>
				<Shape ID="71" UniqueID="{459C49D8-D96F-4516-9A2E-7D6587AEE8C6}" Name="Position.71" NameU="Position.71" Master="6">
					<Text>Vacant
CCRD Planning Coordinator </Text>
					<XForm>
						<PinX Unit="FT_IN">19.335937500000000</PinX>
						<PinY Unit="FT_IN">4.375000000000000</PinY>
					</XForm>
					<Prop ID="9" Name="ocwiz_1" NameU="ocwiz_1">
						<Value Unit="STR">Vacant</Value>
						<Label>Employee Name</Label>
					</Prop>
					<Prop ID="10" Name="ocwiz_2" NameU="ocwiz_2">
						<Value Unit="STR">CCRD Planning Coordinator </Value>
						<Label>Job Title</Label>
					</Prop>
				</Shape>
				<Shape ID="72" UniqueID="{D93943EF-BFF5-4B8B-AFDC-A12687638A38}" Name="Position.72" NameU="Position.72" Master="6">
					<Text>Catherine S. Brosius
Counselor / Advocate II</Text>
					<XForm>
						<PinX Unit="IN">17.812500000000000</PinX>
						<PinY Unit="FT_IN">5.812500000000000</PinY>
					</XForm>
					<Prop ID="9" Name="ocwiz_1" NameU="ocwiz_1">
						<Value Unit="STR">Catherine S. Brosius</Value>
						<Label>Employee Name</Label>
					</Prop>
					<Prop ID="10" Name="ocwiz_2" NameU="ocwiz_2">
						<Value Unit="STR">Counselor / Advocate II</Value>
						<Label>Job Title</Label>
					</Prop>
				</Shape>
				<Shape ID="73" UniqueID="{0518FEA9-1C2B-4C88-A4AE-40DD21F56A19}" Name="Manager.73" NameU="Manager.73" Master="5">
					<Text>Marsha K. Lenherr
Counselor / Advocate II</Text>
					<XForm>
						<PinX Unit="IN">17.812500000000000</PinX>
						<PinY Unit="FT_IN">5.375000000000000</PinY>
					</XForm>
					<Prop ID="9" Name="ocwiz_1" NameU="ocwiz_1">
						<Value Unit="STR">Marsha K. Lenherr</Value>
						<Label>Employee Name</Label>
					</Prop>
					<Prop ID="10" Name="ocwiz_2" NameU="ocwiz_2">
						<Value Unit="STR">Counselor / Advocate II</Value>
						<Label>Job Title</Label>
					</Prop>
				</Shape>
				<Shape ID="74" UniqueID="{B08CCDCC-D2B7-414C-A6BA-0123E3B2772C}" Name="Position.74" NameU="Position.74" Master="6">
					<Text>Vacant
DuBois (GT) (PT)</Text>
					<XForm>
						<PinX Unit="FT_IN">20.710937500000000</PinX>
						<PinY Unit="FT_IN">7.187500000000000</PinY>
					</XForm>
					<Prop ID="9" Name="ocwiz_1" NameU="ocwiz_1">
						<Value Unit="STR">Vacant</Value>
						<Label>Employee Name</Label>
					</Prop>
					<Prop ID="10" Name="ocwiz_2" NameU="ocwiz_2">
						<Value Unit="STR">DuBois (GT) (PT)</Value>
						<Label>Job Title</Label>
					</Prop>
				</Shape>
				<Shape ID="75" UniqueID="{741FA5A4-F088-4ACE-A352-887A37A8397C}" Name="Position.75" NameU="Position.75" Master="6">
					<Text>Mary C. LaBelle
Counselor / Advocate I</Text>
					<XForm>
						<PinX Unit="IN">17.812500000000000</PinX>
						<PinY Unit="FT_IN">6.750000000000000</PinY>
					</XForm>
					<Prop ID="9" Name="ocwiz_1" NameU="ocwiz_1">
						<Value Unit="STR">Mary C. LaBelle</Value>
						<Label>Employee Name</Label>
					</Prop>
					<Prop ID="10" Name="ocwiz_2" NameU="ocwiz_2">
						<Value Unit="STR">Counselor / Advocate I</Value>
						<Label>Job Title</Label>
					</Prop>
				</Shape>
				<Shape ID="76" UniqueID="{D13C7700-6518-4F5F-B172-F1C01A2A3559}" Name="Manager.76" NameU="Manager.76" Master="5">
					<Text>Sally A. Daisher
Counselor / Advocate II</Text>
					<XForm>
						<PinX Unit="IN">17.000000000000000</PinX>
						<PinY Unit="IN">4.812500000000000</PinY>
					</XForm>
					<Prop ID="9" Name="ocwiz_1" NameU="ocwiz_1">
						<Value Unit="STR">Sally A. Daisher</Value>
						<Label>Employee Name</Label>
					</Prop>
					<Prop ID="10" Name="ocwiz_2" NameU="ocwiz_2">
						<Value Unit="STR">Counselor / Advocate II</Value>
						<Label>Job Title</Label>
					</Prop>
				</Shape>
				<Shape ID="77" UniqueID="{C7C28766-A59D-4A9F-AA7A-7CD097F71ECE}" Name="Position.77" NameU="Position.77" Master="6">
					<Text>Grace C. Serafini
Counselor / Advocate I (PT)</Text>
					<XForm>
						<PinX Unit="IN">16.328150000000001</PinX>
						<PinY Unit="FT_IN">4.000000000000000</PinY>
					</XForm>
					<Prop ID="9" Name="ocwiz_1" NameU="ocwiz_1">
						<Value Unit="STR">Grace C. Serafini</Value>
						<Label>Employee Name</Label>
					</Prop>
					<Prop ID="10" Name="ocwiz_2" NameU="ocwiz_2">
						<Value Unit="STR">Counselor / Advocate I (PT)</Value>
						<Label>Job Title</Label>
					</Prop>
				</Shape>
				<Shape ID="78" UniqueID="{7EA22790-FD07-4103-B901-7D22E53E59C4}" Name="Position.78" NameU="Position.78" Master="6">
					<Text>Beverly W. Owens
Clearfield (GT) (PT)</Text>
					<XForm>
						<PinX Unit="IN">17.648450000000000</PinX>
						<PinY Unit="FT_IN">4.000000000000000</PinY>
					</XForm>
					<Prop ID="9" Name="ocwiz_1" NameU="ocwiz_1">
						<Value Unit="STR">Beverly W. Owens</Value>
						<Label>Employee Name</Label>
					</Prop>
					<Prop ID="10" Name="ocwiz_2" NameU="ocwiz_2">
						<Value Unit="STR">Clearfield (GT) (PT)</Value>
						<Label>Job Title</Label>
					</Prop>
				</Shape>
				<Shape ID="79" UniqueID="{9DE7BDAA-8CE0-44DD-8DD7-F496B416142B}" Name="Position.79" NameU="Position.79" Master="6">
					<Text>Vacant
Counselor / Advocate I (PT)</Text>
					<XForm>
						<PinX Unit="FT_IN">19.335931250000002</PinX>
						<PinY Unit="FT_IN">5.812500000000000</PinY>
					</XForm>
					<Prop ID="9" Name="ocwiz_1" NameU="ocwiz_1">
						<Value Unit="STR">Vacant</Value>
						<Label>Employee Name</Label>
					</Prop>
					<Prop ID="10" Name="ocwiz_2" NameU="ocwiz_2">
						<Value Unit="STR">Counselor / Advocate I (PT)</Value>
						<Label>Job Title</Label>
					</Prop>
				</Shape>
				<Shape ID="80" UniqueID="{2A523970-EA3B-4421-A461-21CAFBE441BF}" Name="Manager.80" NameU="Manager.80" Master="5">
					<Text>Suella M. Himes
Counselor / Advocate II</Text>
					<XForm>
						<PinX Unit="FT_IN">19.335937500000000</PinX>
						<PinY Unit="FT_IN">4.812500000000000</PinY>
					</XForm>
					<Prop ID="9" Name="ocwiz_1" NameU="ocwiz_1">
						<Value Unit="STR">Suella M. Himes</Value>
						<Label>Employee Name</Label>
					</Prop>
					<Prop ID="10" Name="ocwiz_2" NameU="ocwiz_2">
						<Value Unit="STR">Counselor / Advocate II</Value>
						<Label>Job Title</Label>
					</Prop>
				</Shape>
				<Shape ID="81" UniqueID="{D48D9F07-957F-4758-B73C-0CBFC19CEB52}" Name="Position.81" NameU="Position.81" Master="6">
					<Text>Joan Hartzell
Brookville (GT) (PT)</Text>
					<XForm>
						<PinX Unit="FT_IN">20.710937500000000</PinX>
						<PinY Unit="FT_IN">4.812500000000000</PinY>
					</XForm>
					<Prop ID="9" Name="ocwiz_1" NameU="ocwiz_1">
						<Value Unit="STR">Joan Hartzell</Value>
						<Label>Employee Name</Label>
					</Prop>
					<Prop ID="10" Name="ocwiz_2" NameU="ocwiz_2">
						<Value Unit="STR">Brookville (GT) (PT)</Value>
						<Label>Job Title</Label>
					</Prop>
				</Shape>
				<Shape ID="82" UniqueID="{2CC20A2F-6BF5-4D1B-BAAE-A27CCEC8AD6E}" Name="Position.82" NameU="Position.82" Master="6">
					<Text>Tabitha M. Martin
Counselor / Advocate I</Text>
					<XForm>
						<PinX Unit="IN">17.812500000000000</PinX>
						<PinY Unit="FT_IN">6.250000000000000</PinY>
					</XForm>
					<Prop ID="9" Name="ocwiz_1" NameU="ocwiz_1">
						<Value Unit="STR">Tabitha M. Martin</Value>
						<Label>Employee Name</Label>
					</Prop>
					<Prop ID="10" Name="ocwiz_2" NameU="ocwiz_2">
						<Value Unit="STR">Counselor / Advocate I</Value>
						<Label>Job Title</Label>
					</Prop>
				</Shape>
				<Shape ID="84" UniqueID="{6A5C6EA2-9225-489B-BD92-78B092901A7A}" Name="Dynamic connector" NameU="Dynamic connector" Master="0">
					<XForm>
						<PinX Unit="IN">12.981249999999999</PinX>
						<PinY Unit="IN">9.250000000000000</PinY>
					</XForm>
				</Shape>
				<Shape ID="85" UniqueID="{D45C6DDA-0ADD-40FE-AA93-39933936345F}" Name="Dynamic connector.85" NameU="Dynamic connector.85" Master="0">
					<XForm>
						<PinX Unit="IN">15.337500000000000</PinX>
						<PinY Unit="IN">8.437500000000000</PinY>
					</XForm>
				</Shape>
				<Shape ID="86" UniqueID="{B94EA234-2A44-4C70-9C6F-1D708349FF2F}" Name="Dynamic connector.86" NameU="Dynamic connector.86" Master="0">
					<XForm>
						<PinX Unit="IN">15.449999999999999</PinX>
						<PinY Unit="IN">7.734375000000000</PinY>
					</XForm>
				</Shape>
				<Shape ID="87" UniqueID="{03863F2C-5284-43D4-9ED4-306AAC63231B}" Name="Dynamic connector.87" NameU="Dynamic connector.87" Master="0">
					<XForm>
						<PinX Unit="IN">15.231249999999999</PinX>
						<PinY Unit="IN">7.734375000000000</PinY>
					</XForm>
				</Shape>
				<Shape ID="89" UniqueID="{4F3BFC33-F442-444D-BB60-479B82178567}" Name="Dynamic connector.89" NameU="Dynamic connector.89" Master="0">
					<XForm>
						<PinX Unit="IN">7.250000000000000</PinX>
						<PinY Unit="IN">9.312500000000000</PinY>
					</XForm>
				</Shape>
				<Shape ID="90" UniqueID="{A7D0A3E4-3D5A-47CD-8EDE-F7D4F7E7BF5E}" Name="Dynamic connector.90" NameU="Dynamic connector.90" Master="0">
					<XForm>
						<PinX Unit="FT_IN">4.218753125000000</PinX>
						<PinY Unit="IN">7.392578125000000</PinY>
					</XForm>
				</Shape>
				<Shape ID="92" UniqueID="{5DCAC17B-3F86-4F83-A569-FBF4D09DD75B}" Name="Dynamic connector.92" NameU="Dynamic connector.92" Master="0">
					<XForm>
						<PinX Unit="FT_IN">3.109375000000000</PinX>
						<PinY Unit="IN">8.593750000000000</PinY>
					</XForm>
				</Shape>
				<Shape ID="93" UniqueID="{2F848633-AEBE-4FCE-AC21-BFEDEE4D1918}" Name="Dynamic connector.93" NameU="Dynamic connector.93" Master="0">
					<XForm>
						<PinX Unit="FT_IN">1.867206250000000</PinX>
						<PinY Unit="IN">7.937500000000000</PinY>
					</XForm>
				</Shape>
				<Shape ID="94" UniqueID="{C80F197E-57AE-4613-81CE-B3E410C942FD}" Name="Dynamic connector.94" NameU="Dynamic connector.94" Master="0">
					<XForm>
						<PinX Unit="FT_IN">1.867206250000000</PinX>
						<PinY Unit="IN">8.125000000000000</PinY>
					</XForm>
				</Shape>
				<Shape ID="95" UniqueID="{AA6E2F90-3C37-44E3-B529-558F46DA6D2B}" Name="Dynamic connector.95" NameU="Dynamic connector.95" Master="0">
					<XForm>
						<PinX Unit="IN">1.335937500000000</PinX>
						<PinY Unit="IN">8.125000000000000</PinY>
					</XForm>
				</Shape>
				<Shape ID="96" UniqueID="{88EAA453-9664-47D3-A156-4677E6A7F774}" Name="Dynamic connector.96" NameU="Dynamic connector.96" Master="0">
					<XForm>
						<PinX Unit="FT_IN">1.867187500000000</PinX>
						<PinY Unit="IN">7.734375000000000</PinY>
					</XForm>
				</Shape>
				<Shape ID="97" UniqueID="{1DD9374D-A196-4C14-A39F-0C1C00E14521}" Name="Dynamic connector.97" NameU="Dynamic connector.97" Master="0">
					<XForm>
						<PinX Unit="IN">0.687500000000000</PinX>
						<PinY Unit="IN">7.421875000000000</PinY>
					</XForm>
				</Shape>
				<Shape ID="98" UniqueID="{C84EC92A-FAB6-485F-9C73-B0B9645DCAB5}" Name="Dynamic connector.98" NameU="Dynamic connector.98" Master="0">
					<XForm>
						<PinX Unit="IN">0.687500000000000</PinX>
						<PinY Unit="IN">7.234375000000000</PinY>
					</XForm>
				</Shape>
				<Shape ID="99" UniqueID="{CA706600-1AC7-4B70-A0C2-EE9C57AA98D1}" Name="Dynamic connector.99" NameU="Dynamic connector.99" Master="0">
					<XForm>
						<PinX Unit="FT_IN">4.281239062500000</PinX>
						<PinY Unit="IN">7.984375000000000</PinY>
					</XForm>
				</Shape>
				<Shape ID="100" UniqueID="{2D6F393E-296F-477C-AAA4-B9261643B39F}" Name="Dynamic connector.100" NameU="Dynamic connector.100" Master="0">
					<XForm>
						<PinX Unit="FT_IN">5.738250000000001</PinX>
						<PinY Unit="IN">7.000000000000000</PinY>
					</XForm>
				</Shape>
				<Shape ID="101" UniqueID="{F15AADD3-5997-4D4B-8851-7B9E959D8D4A}" Name="Dynamic connector.101" NameU="Dynamic connector.101" Master="0">
					<XForm>
						<PinX Unit="IN">3.875000000000000</PinX>
						<PinY Unit="IN">6.921875000000000</PinY>
					</XForm>
				</Shape>
				<Shape ID="102" UniqueID="{8652CCFB-BD0A-436C-8654-CDB2767895BD}" Name="Dynamic connector.102" NameU="Dynamic connector.102" Master="0">
					<XForm>
						<PinX Unit="IN">3.812500000000000</PinX>
						<PinY Unit="IN">4.625000000000000</PinY>
					</XForm>
				</Shape>
				<Shape ID="104" UniqueID="{364C3B05-47DF-44AD-A86C-4ACE963195D4}" Name="Dynamic connector.104" NameU="Dynamic connector.104" Master="0">
					<XForm>
						<PinX Unit="IN">2.582050000000000</PinX>
						<PinY Unit="IN">4.625000000000000</PinY>
					</XForm>
				</Shape>
				<Shape ID="106" UniqueID="{D4F25953-2A12-4F7C-B047-389030815732}" Name="Dynamic connector.106" NameU="Dynamic connector.106" Master="0">
					<XForm>
						<PinX Unit="FT_IN">0.625018750000000</PinX>
						<PinY Unit="IN">4.062500000000000</PinY>
					</XForm>
				</Shape>
				<Shape ID="107" UniqueID="{563E67AF-59B2-4BF8-85D1-925FF25838C5}" Name="Dynamic connector.107" NameU="Dynamic connector.107" Master="0">
					<XForm>
						<PinX Unit="FT_IN">0.625006250000000</PinX>
						<PinY Unit="IN">3.875000000000000</PinY>
					</XForm>
				</Shape>
				<Shape ID="126" UniqueID="{F2EE2B7B-2194-4246-B252-1068FEB8088E}" Name="Dynamic connector.126" NameU="Dynamic connector.126" Master="0">
					<XForm>
						<PinX Unit="FT_IN">12.496050000000000</PinX>
						<PinY Unit="IN">6.718750000000000</PinY>
					</XForm>
				</Shape>
				<Shape ID="127" UniqueID="{16D39156-A51A-462D-9DFE-2D7ADAAEA5EB}" Name="Dynamic connector.127" NameU="Dynamic connector.127" Master="0">
					<XForm>
						<PinX Unit="FT_IN">12.496050000000000</PinX>
						<PinY Unit="IN">6.500000000000000</PinY>
					</XForm>
				</Shape>
				<Shape ID="128" UniqueID="{36DF160B-32F2-40DE-A789-A6BD922F8C48}" Name="Dynamic connector.128" NameU="Dynamic connector.128" Master="0">
					<XForm>
						<PinX Unit="FT_IN">6.234381250000000</PinX>
						<PinY Unit="IN">8.492187500000000</PinY>
					</XForm>
				</Shape>
				<Shape ID="129" UniqueID="{BD5BF5C8-ED4C-4B8F-B19C-BC0CF9E2B006}" Name="Dynamic connector.129" NameU="Dynamic connector.129" Master="0">
					<XForm>
						<PinX Unit="FT_IN">9.390725000000000</PinX>
						<PinY Unit="IN">7.250000000000000</PinY>
					</XForm>
				</Shape>
				<Shape ID="139" UniqueID="{6749AC00-E82F-4995-8A85-902202A37D43}" Name="Dynamic connector.139" NameU="Dynamic connector.139" Master="0">
					<XForm>
						<PinX Unit="IN">8.863325000000000</PinX>
						<PinY Unit="IN">7.875000000000000</PinY>
					</XForm>
				</Shape>
				<Shape ID="140" UniqueID="{CAFF057E-8E3D-4D4B-9B1A-7CE7D32E052F}" Name="Dynamic connector.140" NameU="Dynamic connector.140" Master="0">
					<XForm>
						<PinX Unit="FT_IN">7.423931250000001</PinX>
						<PinY Unit="IN">7.500000000000000</PinY>
					</XForm>
				</Shape>
				<Shape ID="141" UniqueID="{09034867-BC2C-498D-8ECC-CDF7AFAC0F38}" Name="Dynamic connector.141" NameU="Dynamic connector.141" Master="0">
					<XForm>
						<PinX Unit="FT_IN">7.423906250000000</PinX>
						<PinY Unit="IN">7.312500000000000</PinY>
					</XForm>
				</Shape>
				<Shape ID="142" UniqueID="{F0FEA4BA-5EA3-492A-809C-0FF228B715B2}" Name="Dynamic connector.142" NameU="Dynamic connector.142" Master="0">
					<XForm>
						<PinX Unit="FT_IN">9.542012500000000</PinX>
						<PinY Unit="IN">7.875000000000000</PinY>
					</XForm>
				</Shape>
				<Shape ID="144" UniqueID="{4C4D03D9-7879-4096-AB1E-5AE3104A1FDC}" Name="Dynamic connector.144" NameU="Dynamic connector.144" Master="0">
					<XForm>
						<PinX Unit="IN">18.425775000000002</PinX>
						<PinY Unit="IN">7.843750000000000</PinY>
					</XForm>
				</Shape>
				<Shape ID="145" UniqueID="{5E48398C-7D2B-4E7E-BC9B-973D90DF56AC}" Name="Dynamic connector.145" NameU="Dynamic connector.145" Master="0">
					<XForm>
						<PinX Unit="FT_IN">18.644531250000000</PinX>
						<PinY Unit="IN">7.843750000000000</PinY>
					</XForm>
				</Shape>
				<Shape ID="147" UniqueID="{B404805B-F5C8-4A8C-9556-99F9F1ADAED4}" Name="Dynamic connector.147" NameU="Dynamic connector.147" Master="0">
					<XForm>
						<PinX Unit="FT_IN">19.601550000000003</PinX>
						<PinY Unit="IN">8.125000000000000</PinY>
					</XForm>
				</Shape>
				<Shape ID="148" UniqueID="{8DCCFD6F-8134-4414-A9B1-CCE7C68ACBCC}" Name="Dynamic connector.148" NameU="Dynamic connector.148" Master="0">
					<XForm>
						<PinX Unit="FT_IN">18.644537499999998</PinX>
						<PinY Unit="IN">6.687500000000000</PinY>
					</XForm>
				</Shape>
				<Shape ID="149" UniqueID="{F4B0C8AE-C6B4-4092-AAF9-A958237DA462}" Name="Dynamic connector.149" NameU="Dynamic connector.149" Master="0">
					<XForm>
						<PinX Unit="IN">18.425775000000002</PinX>
						<PinY Unit="IN">7.593750000000000</PinY>
					</XForm>
				</Shape>
				<Shape ID="150" UniqueID="{2C28F983-76F7-4FFF-A794-8971C0773ABB}" Name="Dynamic connector.150" NameU="Dynamic connector.150" Master="0">
					<XForm>
						<PinX Unit="FT_IN">18.644531250000000</PinX>
						<PinY Unit="IN">7.375000000000000</PinY>
					</XForm>
				</Shape>
				<Shape ID="151" UniqueID="{EFA400FF-D150-4088-849E-2F9C1C917457}" Name="Dynamic connector.151" NameU="Dynamic connector.151" Master="0">
					<XForm>
						<PinX Unit="FT_IN">18.644531250000000</PinX>
						<PinY Unit="IN">7.125000000000000</PinY>
					</XForm>
				</Shape>
				<Shape ID="152" UniqueID="{90BC5F39-2D8C-49DE-9349-334AA77B2455}" Name="Dynamic connector.152" NameU="Dynamic connector.152" Master="0">
					<XForm>
						<PinX Unit="FT_IN">18.644525000000002</PinX>
						<PinY Unit="IN">7.593750000000000</PinY>
					</XForm>
				</Shape>
				<Shape ID="153" UniqueID="{3C792DF9-89A7-4F39-B978-D71C5DC1693A}" Name="Dynamic connector.153" NameU="Dynamic connector.153" Master="0">
					<XForm>
						<PinX Unit="FT_IN">18.644525000000002</PinX>
						<PinY Unit="IN">6.187500000000000</PinY>
					</XForm>
				</Shape>
				<Shape ID="154" UniqueID="{7F8A9107-0CB5-45A1-BF74-7E60BFE3D8D7}" Name="Dynamic connector.154" NameU="Dynamic connector.154" Master="0">
					<XForm>
						<PinX Unit="IN">18.425775000000002</PinX>
						<PinY Unit="IN">6.906250000000000</PinY>
					</XForm>
				</Shape>
				<Shape ID="155" UniqueID="{169BF954-A273-4CAB-90FD-A9F47D8C96BB}" Name="Dynamic connector.155" NameU="Dynamic connector.155" Master="0">
					<XForm>
						<PinX Unit="IN">18.425775000000002</PinX>
						<PinY Unit="IN">6.687500000000000</PinY>
					</XForm>
				</Shape>
				<Shape ID="156" UniqueID="{CA493778-791F-4BB0-800E-BB7BE2BDFBF2}" Name="Dynamic connector.156" NameU="Dynamic connector.156" Master="0">
					<XForm>
						<PinX Unit="FT_IN">20.031250000000000</PinX>
						<PinY Unit="IN">7.187500000000000</PinY>
					</XForm>
				</Shape>
				<Shape ID="157" UniqueID="{32FD2B06-F0AB-4843-ABB6-648CD7CD0686}" Name="Dynamic connector.157" NameU="Dynamic connector.157" Master="0">
					<XForm>
						<PinX Unit="IN">18.425775000000002</PinX>
						<PinY Unit="IN">7.375000000000000</PinY>
					</XForm>
				</Shape>
				<Shape ID="158" UniqueID="{12A87C83-F195-4A51-B7B9-2E7A98DA37A3}" Name="Dynamic connector.158" NameU="Dynamic connector.158" Master="0">
					<XForm>
						<PinX Unit="IN">18.019525000000002</PinX>
						<PinY Unit="IN">6.406250000000000</PinY>
					</XForm>
				</Shape>
				<Shape ID="159" UniqueID="{202C3825-2F02-45E7-95F4-3DD0AB23E744}" Name="Dynamic connector.159" NameU="Dynamic connector.159" Master="0">
					<XForm>
						<PinX Unit="IN">16.664075000000000</PinX>
						<PinY Unit="IN">4.406250000000000</PinY>
					</XForm>
				</Shape>
				<Shape ID="160" UniqueID="{C18F3A58-49BC-4071-AF13-D9219E9DE38A}" Name="Dynamic connector.160" NameU="Dynamic connector.160" Master="0">
					<XForm>
						<PinX Unit="IN">17.324224999999998</PinX>
						<PinY Unit="IN">4.406250000000000</PinY>
					</XForm>
				</Shape>
				<Shape ID="161" UniqueID="{B3F3DBAC-82AB-43BF-B81B-C2926FCE3442}" Name="Dynamic connector.161" NameU="Dynamic connector.161" Master="0">
					<XForm>
						<PinX Unit="FT_IN">18.644518750000003</PinX>
						<PinY Unit="IN">6.906250000000000</PinY>
					</XForm>
				</Shape>
				<Shape ID="162" UniqueID="{29F0D1BF-1A2D-4B64-9020-BD2CEECEA1D4}" Name="Dynamic connector.162" NameU="Dynamic connector.162" Master="0">
					<XForm>
						<PinX Unit="FT_IN">18.644525000000002</PinX>
						<PinY Unit="IN">6.406250000000000</PinY>
					</XForm>
				</Shape>
				<Shape ID="163" UniqueID="{F3E142E5-C51D-44C8-8FCE-BA22BB53F94A}" Name="Dynamic connector.163" NameU="Dynamic connector.163" Master="0">
					<XForm>
						<PinX Unit="FT_IN">20.023437500000000</PinX>
						<PinY Unit="IN">4.812500000000000</PinY>
					</XForm>
				</Shape>
				<Shape ID="166" UniqueID="{61BB729B-CD2B-44B7-BF9C-1B5CA96850E1}" Name="Executive.166" NameU="Executive.166" Master="4">
					<Text>Community Action, Inc.
Board of Directors</Text>
					<XForm>
						<PinX Unit="FT_IN">10.625000000000000</PinX>
						<PinY Unit="FT_IN">10.281250000000000</PinY>
					</XForm>
					<Prop ID="9" Name="ocwiz_1" NameU="ocwiz_1">
						<Value Unit="STR">Community Action, Inc.</Value>
						<Label>Employee Name</Label>
					</Prop>
					<Prop ID="10" Name="ocwiz_2" NameU="ocwiz_2">
						<Value Unit="STR">Board of Directors</Value>
						<Label>Job Title</Label>
					</Prop>
				</Shape>
				<Shape ID="168" UniqueID="{704AA755-F508-41ED-8A65-1EC51DEA2F51}" Name="Dynamic connector.168" NameU="Dynamic connector.168" Master="0">
					<XForm>
						<PinX Unit="IN">10.625000000000000</PinX>
						<PinY Unit="IN">10.000000000000000</PinY>
					</XForm>
				</Shape>
				<Shape ID="40" UniqueID="{790F1F4F-1EDC-4A8A-B1BC-CEAB9BB7C737}" Name="Position.40" NameU="Position.40" Master="6">
					<Text>Matthew A. Verdill
Information Technology Specialist (PT)</Text>
					<XForm>
						<PinX Unit="IN">12.609400000000001</PinX>
						<PinY Unit="FT_IN">7.437500000000000</PinY>
					</XForm>
					<Prop ID="9" Name="ocwiz_1" NameU="ocwiz_1">
						<Value Unit="STR">Matthew A. Verdill</Value>
						<Label>Employee Name</Label>
					</Prop>
					<Prop ID="10" Name="ocwiz_2" NameU="ocwiz_2">
						<Value Unit="STR">Information Technology Specialist (PT)</Value>
						<Label>Job Title</Label>
					</Prop>
				</Shape>
				<Shape ID="41" UniqueID="{5441C0B9-D40E-4686-83BB-DD31B4E0DA6C}" Name="Position.41" NameU="Position.41" Master="6">
					<Text>Jesse L. Newcomer
Information Technology Support Intern</Text>
					<XForm>
						<PinX Unit="FT_IN">12.609384375000001</PinX>
						<PinY Unit="FT_IN">8.593750000000000</PinY>
					</XForm>
					<Prop ID="9" Name="ocwiz_1" NameU="ocwiz_1">
						<Value Unit="STR">Jesse L. Newcomer</Value>
						<Label>Employee Name</Label>
					</Prop>
					<Prop ID="10" Name="ocwiz_2" NameU="ocwiz_2">
						<Value Unit="STR">Information Technology Support Intern</Value>
						<Label>Job Title</Label>
					</Prop>
				</Shape>
				<Shape ID="44" UniqueID="{B95F50A2-CBAE-4127-BC83-7663222E04D6}" Name="Position.44" NameU="Position.44" Master="6">
					<Text>Kaylan T. Domb
Receptionist (PT)</Text>
					<XForm>
						<PinX Unit="IN">12.874950000000000</PinX>
						<PinY Unit="FT_IN">6.562500000000000</PinY>
					</XForm>
					<Prop ID="9" Name="ocwiz_1" NameU="ocwiz_1">
						<Value Unit="STR">Kaylan T. Domb</Value>
						<Label>Employee Name</Label>
					</Prop>
					<Prop ID="10" Name="ocwiz_2" NameU="ocwiz_2">
						<Value Unit="STR">Receptionist (PT)</Value>
						<Label>Job Title</Label>
					</Prop>
				</Shape>
				<Shape ID="45" UniqueID="{FD10DBB0-0255-4903-83F9-634EF77F2B75}" Name="Position.45" NameU="Position.45" Master="6">
					<Text>Tressa M. Merritts
Receptionist (PT)</Text>
					<XForm>
						<PinX Unit="IN">12.874950000000000</PinX>
						<PinY Unit="FT_IN">6.125000000000000</PinY>
					</XForm>
					<Prop ID="9" Name="ocwiz_1" NameU="ocwiz_1">
						<Value Unit="STR">Tressa M. Merritts</Value>
						<Label>Employee Name</Label>
					</Prop>
					<Prop ID="10" Name="ocwiz_2" NameU="ocwiz_2">
						<Value Unit="STR">Receptionist (PT)</Value>
						<Label>Job Title</Label>
					</Prop>
				</Shape>
				<Shape ID="83" UniqueID="{5889C8C3-28E3-498F-B1A1-6C643794485C}" Name="Position.83" NameU="Position.83" Master="6">
					<Text>Thomas A. Fusco, Jr.
Maintenance &amp; Repair Worker (PT)</Text>
					<XForm>
						<PinX Unit="IN">12.609349999999999</PinX>
						<PinY Unit="FT_IN">7.812500000000000</PinY>
					</XForm>
					<Prop ID="9" Name="ocwiz_1" NameU="ocwiz_1">
						<Value Unit="STR">Thomas A. Fusco, Jr.</Value>
						<Label>Employee Name</Label>
					</Prop>
					<Prop ID="10" Name="ocwiz_2" NameU="ocwiz_2">
						<Value Unit="STR">Maintenance &amp; Repair Worker (PT)</Value>
						<Label>Job Title</Label>
					</Prop>
				</Shape>
				<Shape ID="169" UniqueID="{2A89192D-F857-4B36-885D-783CDB05F9D1}" Name="Dynamic connector.169" NameU="Dynamic connector.169" Master="0">
					<XForm>
						<PinX Unit="IN">11.187490625000001</PinX>
						<PinY Unit="IN">8.265625000000000</PinY>
					</XForm>
				</Shape>
				<Shape ID="120" UniqueID="{8C3EBEA1-8C69-4C43-B0CA-17B9C1DAA986}" Name="Dynamic connector.120" NameU="Dynamic connector.120" Master="0">
					<XForm>
						<PinX Unit="IN">11.187509375000001</PinX>
						<PinY Unit="IN">9.062500000000000</PinY>
					</XForm>
				</Shape>
				<Shape ID="122" UniqueID="{635390D9-7B6F-4375-9FA1-6397912033DF}" Name="Dynamic connector.122" NameU="Dynamic connector.122" Master="0">
					<XForm>
						<PinX Unit="IN">11.187509375000001</PinX>
						<PinY Unit="IN">8.484375000000000</PinY>
					</XForm>
				</Shape>
				<Shape ID="109" UniqueID="{263378B3-AA1B-4B97-B7FD-A90A6B605A41}" Name="Dynamic connector.109" NameU="Dynamic connector.109" Master="0">
					<XForm>
						<PinX Unit="IN">5.480475000000000</PinX>
						<PinY Unit="IN">4.687500000000000</PinY>
					</XForm>
				</Shape>
				<Shape ID="23" UniqueID="{5D576684-590A-4083-850F-D5C1010248AF}" Name="Border classic" NameU="Border classic" Master="16">
					<Text>Community Action, Inc.
Monday, November 17, 2003</Text>
					<XForm>
						<PinX Unit="FT_IN">10.875000000000000</PinX>
						<PinY Unit="FT_IN">7.114583333333334</PinY>
					</XForm>
				</Shape>
				<Shape ID="123" UniqueID="{F029F080-4FD1-4C67-ADEF-712883E82466}" Name="Sheet.123" NameU="Sheet.123">
					<Text>**Note:  The Director of Operations will be in charge in the absence of the Executive Director</Text>
					<XForm>
						<PinX Unit="FT_IN">10.875000000000000</PinX>
						<PinY Unit="FT_IN">0.687500000000000</PinY>
					</XForm>
				</Shape>
				<Shape ID="167" UniqueID="{38B4728B-A08F-4D74-8B76-2BF70625FAC7}" Name="Sheet.167" NameU="Sheet.167">
					<XForm>
						<PinX Unit="FT_IN">10.869791666666668</PinX>
						<PinY Unit="FT_IN">0.869791666666667</PinY>
					</XForm>
				</Shape>
				<Shape ID="121" UniqueID="{1BB868CB-DC21-424D-8573-168C57E7EF6F}" Name="Dynamic connector.121" NameU="Dynamic connector.121" Master="0">
					<XForm>
						<PinX Unit="IN">11.187496875000001</PinX>
						<PinY Unit="IN">8.671875000000000</PinY>
					</XForm>
				</Shape>
				<Shape ID="171" UniqueID="{C449AAAF-1C70-4AEC-A1FD-85962F3BA2BA}" Name="Position.171" NameU="Position.171" Master="6">
					<Text>Michael G. Kurtz
Accounting Manager Intern</Text>
					<XForm>
						<PinX Unit="IN">12.609349999999999</PinX>
						<PinY Unit="FT_IN">8.187500000000000</PinY>
					</XForm>
					<Prop ID="9" Name="ocwiz_1" NameU="ocwiz_1">
						<Value Unit="STR">Michael G. Kurtz</Value>
						<Label>Employee Name</Label>
					</Prop>
					<Prop ID="10" Name="ocwiz_2" NameU="ocwiz_2">
						<Value Unit="STR">Accounting Manager Intern</Value>
						<Label>Job Title</Label>
					</Prop>
				</Shape>
				<Shape ID="172" UniqueID="{ED666F21-69BE-4C36-A7E3-C15D40DC1FAC}" Name="Dynamic connector.172" NameU="Dynamic connector.172" Master="0">
					<XForm>
						<PinX Unit="IN">11.187493750000000</PinX>
						<PinY Unit="IN">8.859375000000000</PinY>
					</XForm>
				</Shape>
				<Shape ID="177" UniqueID="{6981A20C-CFE5-4FF3-93F9-76C2E4A1167F}" Name="Sheet.177" NameU="Sheet.177">
					<XForm>
						<PinX Unit="FT_IN">1.986328125000000</PinX>
						<PinY Unit="FT_IN">0.406250000000000</PinY>
					</XForm>
				</Shape>
				<Shape ID="91" UniqueID="{21FEC56A-4B6D-4C2D-B39E-97635B0823F4}" Name="Sheet.91" NameU="Sheet.91">
					<Text>PT= Part Time; GT =Green Thumb; V= Volunteers; TV= Title V
          = Exempt Employee
          = Supervisor
          = Staff reporting to two project supervisors</Text>
					<XForm>
						<PinX Unit="FT_IN">1.691406250000000</PinX>
						<PinY Unit="FT_IN">0.312500000000000</PinY>
					</XForm>
				</Shape>
				<Shape ID="179" UniqueID="{FE05CDCD-66F8-401F-80E3-D2CBE85FAED0}" Name="Position.179" NameU="Position.179" Master="6">
					<Text>Debra A. Burkett
Community Services Assistant</Text>
					<XForm>
						<PinX Unit="IN">2.960950000000000</PinX>
						<PinY Unit="FT_IN">3.312500000000000</PinY>
					</XForm>
					<Prop ID="9" Name="ocwiz_1" NameU="ocwiz_1">
						<Value Unit="STR">Debra A. Burkett</Value>
						<Label>Employee Name</Label>
					</Prop>
					<Prop ID="10" Name="ocwiz_2" NameU="ocwiz_2">
						<Value Unit="STR">Community Services Assistant</Value>
						<Label>Job Title</Label>
					</Prop>
				</Shape>
				<Shape ID="183" UniqueID="{BA0729AA-E9BC-40EF-BD64-7DD187F512E5}" Name="Position.183" NameU="Position.183" Master="6">
					<Text>John E. Pozza
Human Resource Developer (PT)</Text>
					<XForm>
						<PinX Unit="FT_IN">12.609400000000001</PinX>
						<PinY Unit="FT_IN">5.687500000000000</PinY>
					</XForm>
					<Prop ID="9" Name="ocwiz_1" NameU="ocwiz_1">
						<Value Unit="STR">John E. Pozza</Value>
						<Label>Employee Name</Label>
					</Prop>
					<Prop ID="10" Name="ocwiz_2" NameU="ocwiz_2">
						<Value Unit="STR">Human Resource Developer (PT)</Value>
						<Label>Job Title</Label>
					</Prop>
				</Shape>
				<Shape ID="184" UniqueID="{012617F2-C618-4E15-9F74-CD0371ECA43F}" Name="Dynamic connector.184" NameU="Dynamic connector.184" Master="0">
					<XForm>
						<PinX Unit="FT_IN">11.187507812500000</PinX>
						<PinY Unit="IN">7.609375000000000</PinY>
					</XForm>
				</Shape>
				<Shape ID="137" UniqueID="{9BC7924D-20F4-494D-9D33-E3F10F4984B8}" Name="Dynamic connector.137" NameU="Dynamic connector.137" Master="0">
					<XForm>
						<PinX Unit="IN">3.875000000000000</PinX>
						<PinY Unit="IN">4.375000000000000</PinY>
					</XForm>
				</Shape>
				<Shape ID="21" UniqueID="{0277F0F1-F343-416A-9ACB-61543C1BDDD9}" Name="Position.21" NameU="Position.21" Master="6">
					<Text>Trisha D. Skarbek
Community Services Assistant</Text>
					<XForm>
						<PinX Unit="IN">6.132800000000000</PinX>
						<PinY Unit="IN">3.312500000000000</PinY>
					</XForm>
					<Prop ID="9" Name="ocwiz_1" NameU="ocwiz_1">
						<Value Unit="STR">Trisha D. Skarbek</Value>
						<Label>Employee Name</Label>
					</Prop>
					<Prop ID="10" Name="ocwiz_2" NameU="ocwiz_2">
						<Value Unit="STR">Community Services Assistant</Value>
						<Label>Job Title</Label>
					</Prop>
				</Shape>
				<Shape ID="52" UniqueID="{E67BE900-9732-4842-BA78-20E0EA424954}" Name="Position.52" NameU="Position.52" Master="6">
					<Text>Tracey D. Weaver
CCRD Case Manager</Text>
					<XForm>
						<PinX Unit="FT_IN">19.335937500000000</PinX>
						<PinY Unit="FT_IN">3.937500000000000</PinY>
					</XForm>
					<Prop ID="9" Name="ocwiz_1" NameU="ocwiz_1">
						<Value Unit="STR">Tracey D. Weaver</Value>
						<Label>Employee Name</Label>
					</Prop>
					<Prop ID="10" Name="ocwiz_2" NameU="ocwiz_2">
						<Value Unit="STR">CCRD Case Manager</Value>
						<Label>Job Title</Label>
					</Prop>
				</Shape>
				<Shape ID="103" UniqueID="{3FEC3FC2-86A8-4915-9377-6DB19F4F9E57}" Name="Dynamic connector.103" NameU="Dynamic connector.103" Master="0">
					<XForm>
						<PinX Unit="FT_IN">18.644525000000002</PinX>
						<PinY Unit="IN">5.968750000000000</PinY>
					</XForm>
				</Shape>
				<Shape ID="113" UniqueID="{EE847EBB-4188-4E59-89AC-E6F19E709CAB}" Name="Position.113" NameU="Position.113" Master="6">
					<Text>Shelli L. Ames
CCRD Case Manager</Text>
					<XForm>
						<PinX Unit="FT_IN">19.335937500000000</PinX>
						<PinY Unit="FT_IN">3.500000000000000</PinY>
					</XForm>
					<Prop ID="9" Name="ocwiz_1" NameU="ocwiz_1">
						<Value Unit="STR">Shelli L. Ames</Value>
						<Label>Employee Name</Label>
					</Prop>
					<Prop ID="10" Name="ocwiz_2" NameU="ocwiz_2">
						<Value Unit="STR">CCRD Case Manager</Value>
						<Label>Job Title</Label>
					</Prop>
				</Shape>
				<Shape ID="124" UniqueID="{3356180A-D3AB-4484-8452-15CF9FB2BBDB}" Name="Dynamic connector.124" NameU="Dynamic connector.124" Master="0">
					<XForm>
						<PinX Unit="FT_IN">18.644525000000002</PinX>
						<PinY Unit="IN">5.750000000000000</PinY>
					</XForm>
				</Shape>
				<Shape ID="134" UniqueID="{C6D35664-D701-4B5F-9042-4504BB427189}" Name="Dynamic connector.134" NameU="Dynamic connector.134" Master="0">
					<XForm>
						<PinX Unit="FT_IN">18.425775000000002</PinX>
						<PinY Unit="IN">7.125000000000000</PinY>
					</XForm>
				</Shape>
				<Shape ID="146" UniqueID="{090C0467-273F-4996-8055-8E2419109895}" Name="Dynamic connector.146" NameU="Dynamic connector.146" Master="0">
					<XForm>
						<PinX Unit="FT_IN">18.539054687499998</PinX>
						<PinY Unit="IN">8.453125000000000</PinY>
					</XForm>
				</Shape>
				<Shape ID="37" UniqueID="{16CD12AD-6102-4994-872E-2C6F466C1431}" Name="Position.37" NameU="Position.37" Master="6">
					<Text>Joshua J. Lightcap
Information Technology Support Intern</Text>
					<XForm>
						<PinX Unit="FT_IN">12.609400000000001</PinX>
						<PinY Unit="IN">9.000000000000000</PinY>
					</XForm>
					<Prop ID="9" Name="ocwiz_1" NameU="ocwiz_1">
						<Value Unit="STR">Joshua J. Lightcap</Value>
						<Label>Employee Name</Label>
					</Prop>
					<Prop ID="10" Name="ocwiz_2" NameU="ocwiz_2">
						<Value Unit="STR">Information Technology Support Intern</Value>
						<Label>Job Title</Label>
					</Prop>
				</Shape>
				<Shape ID="189" UniqueID="{D344CD12-8C11-4C99-805C-140797C672D5}" Name="Dynamic connector.189" NameU="Dynamic connector.189" Master="0">
					<XForm>
						<PinX Unit="IN">14.582029687500000</PinX>
						<PinY Unit="IN">9.281250000000000</PinY>
					</XForm>
				</Shape>
				<Shape ID="190" UniqueID="{9CE24339-A352-4BC3-9A88-6E98AD51FFD1}" Name="Position.190" NameU="Position.190" Master="6">
					<Text>Vacant
Accounting Intern</Text>
					<XForm>
						<PinX Unit="IN">14.625000000000000</PinX>
						<PinY Unit="FT_IN">7.000000000000000</PinY>
					</XForm>
					<Prop ID="9" Name="ocwiz_1" NameU="ocwiz_1">
						<Value Unit="STR">Vacant</Value>
						<Label>Employee Name</Label>
					</Prop>
					<Prop ID="10" Name="ocwiz_2" NameU="ocwiz_2">
						<Value Unit="STR">Accounting Intern</Value>
						<Label>Job Title</Label>
					</Prop>
				</Shape>
				<Shape ID="191" UniqueID="{496FFF3A-FE3C-4AF1-9332-427041633000}" Name="Dynamic connector.191" NameU="Dynamic connector.191" Master="0">
					<XForm>
						<PinX Unit="IN">15.231249999999999</PinX>
						<PinY Unit="IN">7.515625000000000</PinY>
					</XForm>
				</Shape>
				<Shape ID="194" UniqueID="{E012642B-CAA0-4D4A-AB10-A1B1E5FBFFA7}" Name="Position.194" NameU="Position.194" Master="6">
					<Text>Johanna Means
Case Manager</Text>
					<XForm>
						<PinX Unit="IN">4.613250000000000</PinX>
						<PinY Unit="IN">6.750000000000000</PinY>
					</XForm>
					<Prop ID="9" Name="ocwiz_1" NameU="ocwiz_1">
						<Value Unit="STR">Johanna Means</Value>
						<Label>Employee Name</Label>
					</Prop>
					<Prop ID="10" Name="ocwiz_2" NameU="ocwiz_2">
						<Value Unit="STR">Case Manager</Value>
						<Label>Job Title</Label>
					</Prop>
				</Shape>
				<Shape ID="195" UniqueID="{DEE7D046-0C7B-48B8-9303-46A00A4DA06D}" Name="Dynamic connector.195" NameU="Dynamic connector.195" Master="0">
					<XForm>
						<PinX Unit="FT_IN">4.988250000000001</PinX>
						<PinY Unit="IN">7.000000000000000</PinY>
					</XForm>
				</Shape>
				<Shape ID="131" UniqueID="{B40D0DF3-6403-4F02-9CD3-6387CBAB7060}" Name="Dynamic connector.131" NameU="Dynamic connector.131" Master="0">
					<XForm>
						<PinX Unit="FT_IN">8.868250000000000</PinX>
						<PinY Unit="IN">5.875000000000000</PinY>
					</XForm>
				</Shape>
				<Shape ID="130" UniqueID="{C2133543-939F-4771-9297-35D68383278D}" Name="Dynamic connector.130" NameU="Dynamic connector.130" Master="0">
					<XForm>
						<PinX Unit="FT_IN">9.739350000000000</PinX>
						<PinY Unit="IN">5.875000000000000</PinY>
					</XForm>
				</Shape>
				<Shape ID="132" UniqueID="{DC8DA281-2DD7-48BE-B662-6A1C260DC669}" Name="Dynamic connector.132" NameU="Dynamic connector.132" Master="0">
					<XForm>
						<PinX Unit="FT_IN">9.765631250000000</PinX>
						<PinY Unit="IN">5.062500000000000</PinY>
					</XForm>
				</Shape>
				<Shape ID="133" UniqueID="{5FD3CB6F-496C-400A-8523-3AB5AFFF0347}" Name="Dynamic connector.133" NameU="Dynamic connector.133" Master="0">
					<XForm>
						<PinX Unit="FT_IN">9.765625000000000</PinX>
						<PinY Unit="IN">4.875000000000000</PinY>
					</XForm>
				</Shape>
				<Shape ID="135" UniqueID="{2ECE481C-4B93-4239-A15D-87129B618165}" Name="Dynamic connector.135" NameU="Dynamic connector.135" Master="0">
					<XForm>
						<PinX Unit="FT_IN">9.765625000000000</PinX>
						<PinY Unit="IN">4.312500000000000</PinY>
					</XForm>
				</Shape>
				<Shape ID="54" UniqueID="{152AB592-C530-4575-8BC6-26E577C575E5}" Name="Dynamic connector.54" NameU="Dynamic connector.54" Master="0">
					<XForm>
						<PinX Unit="FT_IN">9.765625000000000</PinX>
						<PinY Unit="IN">4.687500000000000</PinY>
					</XForm>
				</Shape>
				<Shape ID="136" UniqueID="{BF8707CA-77EA-44AD-A112-B078C8EFA722}" Name="Position.136" NameU="Position.136" Master="6">
					<Text>Vacant
Adult Education Instructor (PT)</Text>
					<XForm>
						<PinX Unit="IN">10.085950000000000</PinX>
						<PinY Unit="IN">2.562500000000000</PinY>
					</XForm>
					<Prop ID="9" Name="ocwiz_1" NameU="ocwiz_1">
						<Value Unit="STR">Vacant</Value>
						<Label>Employee Name</Label>
					</Prop>
					<Prop ID="10" Name="ocwiz_2" NameU="ocwiz_2">
						<Value Unit="STR">Adult Education Instructor (PT)</Value>
						<Label>Job Title</Label>
					</Prop>
				</Shape>
				<Shape ID="182" UniqueID="{55632DF0-E90F-4728-B3E8-1467332FB231}" Name="Dynamic connector.182" NameU="Dynamic connector.182" Master="0">
					<XForm>
						<PinX Unit="FT_IN">9.765625000000000</PinX>
						<PinY Unit="IN">3.937500000000000</PinY>
					</XForm>
				</Shape>
				<Shape ID="42" UniqueID="{F8A97D9C-3EC6-4B3E-A2EC-2575D446BEAE}" Name="Manager.42" NameU="Manager.42" Master="5">
					<Text>Michael P. McMahan
Management Assistant</Text>
					<XForm>
						<PinX Unit="IN">12.617150000000001</PinX>
						<PinY Unit="FT_IN">7.000000000000000</PinY>
					</XForm>
					<Prop ID="9" Name="ocwiz_1" NameU="ocwiz_1">
						<Value Unit="STR">Michael P. McMahan</Value>
						<Label>Employee Name</Label>
					</Prop>
					<Prop ID="10" Name="ocwiz_2" NameU="ocwiz_2">
						<Value Unit="STR">Management Assistant</Value>
						<Label>Job Title</Label>
					</Prop>
				</Shape>
				<Shape ID="197" UniqueID="{DD2F58A2-7E91-4B80-8F44-3DAAF0B9E83B}" Name="Position.197" NameU="Position.197" Master="6">
					<Text>Kacey D. Reid
Case Manager</Text>
					<XForm>
						<PinX Unit="FT_IN">4.500000000000000</PinX>
						<PinY Unit="IN">4.375000000000000</PinY>
					</XForm>
					<Prop ID="9" Name="ocwiz_1" NameU="ocwiz_1">
						<Value Unit="STR">Kacey D. Reid</Value>
						<Label>Employee Name</Label>
					</Prop>
					<Prop ID="10" Name="ocwiz_2" NameU="ocwiz_2">
						<Value Unit="STR">Case Manager</Value>
						<Label>Job Title</Label>
					</Prop>
				</Shape>
				<Shape ID="198" UniqueID="{B90DD65F-1A1A-4DF8-8B63-BF0506B215DD}" Name="Dynamic connector.198" NameU="Dynamic connector.198" Master="0">
					<XForm>
						<PinX Unit="FT_IN">3.937500000000000</PinX>
						<PinY Unit="IN">4.429687500000000</PinY>
					</XForm>
				</Shape>
				<Shape ID="143" UniqueID="{5DA161BC-B09D-4E8D-BB73-4ACA3A149531}" Name="Dynamic connector.143" NameU="Dynamic connector.143" Master="0">
					<XForm>
						<PinX Unit="FT_IN">11.656259375000001</PinX>
						<PinY Unit="IN">9.000000000000000</PinY>
					</XForm>
				</Shape>
				<Shape ID="114" UniqueID="{8FE0C7BD-EA8C-49F7-97BA-C66DA90A05D0}" Name="Dynamic connector.114" NameU="Dynamic connector.114" Master="0">
					<XForm>
						<PinX Unit="FT_IN">3.742193750000000</PinX>
						<PinY Unit="IN">3.218750000000000</PinY>
					</XForm>
				</Shape>
				<Shape ID="38" UniqueID="{E8892FCA-7E1E-4296-93C7-C586612A4CC7}" Name="Dynamic connector.38" NameU="Dynamic connector.38" Master="0">
					<XForm>
						<PinX Unit="FT_IN">3.742196875000000</PinX>
						<PinY Unit="IN">3.468750000000000</PinY>
					</XForm>
				</Shape>
				<Shape ID="112" UniqueID="{131ED653-84D7-451D-9B1A-CE52D1965713}" Name="Dynamic connector.112" NameU="Dynamic connector.112" Master="0">
					<XForm>
						<PinX Unit="FT_IN">6.925775000000000</PinX>
						<PinY Unit="IN">3.781250000000000</PinY>
					</XForm>
				</Shape>
				<Shape ID="115" UniqueID="{12692088-BD0F-4495-B968-735A8CAB46AF}" Name="Dynamic connector.115" NameU="Dynamic connector.115" Master="0">
					<XForm>
						<PinX Unit="FT_IN">6.929725000000000</PinX>
						<PinY Unit="IN">4.031250000000000</PinY>
					</XForm>
				</Shape>
				<Shape ID="116" UniqueID="{A13D0BD0-C88D-4CE7-9F01-050C0ECC4526}" Name="Dynamic connector.116" NameU="Dynamic connector.116" Master="0">
					<XForm>
						<PinX Unit="FT_IN">7.230484375000001</PinX>
						<PinY Unit="IN">4.031250000000000</PinY>
					</XForm>
				</Shape>
				<Shape ID="117" UniqueID="{C33842DC-84D4-4E05-9F8C-BDC110143B9D}" Name="Dynamic connector.117" NameU="Dynamic connector.117" Master="0">
					<XForm>
						<PinX Unit="FT_IN">7.230475000000000</PinX>
						<PinY Unit="IN">3.781250000000000</PinY>
					</XForm>
				</Shape>
				<Shape ID="111" UniqueID="{800C9547-81A7-499F-BAF1-B9B180F14780}" Name="Manager.111" NameU="Manager.111" Master="5">
					<Text>Manette Setree
Case Manager</Text>
					<XForm>
						<PinX Unit="IN">6.132850000000000</PinX>
						<PinY Unit="IN">2.875000000000000</PinY>
					</XForm>
					<Prop ID="9" Name="ocwiz_1" NameU="ocwiz_1">
						<Value Unit="STR">Manette Setree</Value>
						<Label>Employee Name</Label>
					</Prop>
					<Prop ID="10" Name="ocwiz_2" NameU="ocwiz_2">
						<Value Unit="STR">Case Manager</Value>
						<Label>Job Title</Label>
					</Prop>
				</Shape>
				<Shape ID="28" UniqueID="{D53F1E12-FB34-43F0-814C-DCF4158F3D0E}" Name="Dynamic connector.28" NameU="Dynamic connector.28" Master="0">
					<XForm>
						<PinX Unit="FT_IN">6.925825000000000</PinX>
						<PinY Unit="IN">3.562500000000000</PinY>
					</XForm>
				</Shape>
				<Shape ID="110" UniqueID="{B7B584C9-C6A3-4985-B9D1-8527ECBF1DD2}" Name="Dynamic connector.110" NameU="Dynamic connector.110" Master="0">
					<XForm>
						<PinX Unit="FT_IN">6.285175000000001</PinX>
						<PinY Unit="IN">2.531250000000000</PinY>
					</XForm>
				</Shape>
				<Shape ID="118" UniqueID="{2A501EF9-7DE6-4544-8315-4F6E242FE3D4}" Name="Dynamic connector.118" NameU="Dynamic connector.118" Master="0">
					<XForm>
						<PinX Unit="FT_IN">6.285175000000001</PinX>
						<PinY Unit="IN">2.281250000000000</PinY>
					</XForm>
				</Shape>
				<Shape ID="125" UniqueID="{12104F26-A72D-4005-8D6D-992D879E1F5A}" Name="Dynamic connector.125" NameU="Dynamic connector.125" Master="0">
					<XForm>
						<PinX Unit="FT_IN">5.980525000000000</PinX>
						<PinY Unit="IN">2.531250000000000</PinY>
					</XForm>
				</Shape>
				<Shape ID="165" UniqueID="{6F00CCF2-1B37-442D-BF85-0C221AAE8281}" Name="Dynamic connector.165" NameU="Dynamic connector.165" Master="0">
					<XForm>
						<PinX Unit="FT_IN">5.980525000000000</PinX>
						<PinY Unit="IN">2.281250000000000</PinY>
					</XForm>
				</Shape>
				<Shape ID="200" UniqueID="{10873429-F26D-4326-9264-CCA86C122A99}" Name="Position.200" NameU="Position.200" Master="6">
					<Text>Georgetta M. Sheesley
Adult Education Instructor (PT)</Text>
					<XForm>
						<PinX Unit="IN">10.086000000000000</PinX>
						<PinY Unit="IN">3.687500000000000</PinY>
					</XForm>
					<Prop ID="9" Name="ocwiz_1" NameU="ocwiz_1">
						<Value Unit="STR">Georgetta M. Sheesley</Value>
						<Label>Employee Name</Label>
					</Prop>
					<Prop ID="10" Name="ocwiz_2" NameU="ocwiz_2">
						<Value Unit="STR">Adult Education Instructor (PT)</Value>
						<Label>Job Title</Label>
					</Prop>
				</Shape>
				<Shape ID="170" UniqueID="{0575DC7A-A131-4402-951C-D4B2BB5A4510}" Name="Dynamic connector.170" NameU="Dynamic connector.170" Master="0">
					<XForm>
						<PinX Unit="FT_IN">9.765650000000001</PinX>
						<PinY Unit="IN">4.500000000000000</PinY>
					</XForm>
				</Shape>
				<Shape ID="201" UniqueID="{BA85E4B9-3E19-44CF-B2C2-5FF0F0F75C19}" Name="Position.201" NameU="Position.201" Master="6">
					<Text>Vacant
Adult Education Instructor (PT)</Text>
					<XForm>
						<PinX Unit="IN">10.085950000000000</PinX>
						<PinY Unit="IN">2.937500000000000</PinY>
					</XForm>
					<Prop ID="9" Name="ocwiz_1" NameU="ocwiz_1">
						<Value Unit="STR">Vacant</Value>
						<Label>Employee Name</Label>
					</Prop>
					<Prop ID="10" Name="ocwiz_2" NameU="ocwiz_2">
						<Value Unit="STR">Adult Education Instructor (PT)</Value>
						<Label>Job Title</Label>
					</Prop>
				</Shape>
				<Shape ID="88" UniqueID="{61283877-EBDA-470F-ACBA-7AD54DAC8C22}" Name="Dynamic connector.88" NameU="Dynamic connector.88" Master="0">
					<XForm>
						<PinX Unit="FT_IN">9.765625000000000</PinX>
						<PinY Unit="IN">4.125000000000000</PinY>
					</XForm>
				</Shape>
			</Shapes>
		</Page>
	</Pages>
</VisioDocument>
