<?xml version='1.0' encoding='utf-8'?>

<macromedia_dreamweaver_hub write_vers_major='3' read_vers_major='4' read_vers_minor='0'>
	<site_name value='Unnamed Connection 1' />
			<revision_history_levels value='3' />
	<admin_password value='860C84F47CDD9AA067183EBF8CDB8FA0' />
	<admin_e_mail2 value='63776173746368616B' />
	<group_list>
		<group_list_item>
			<group_name value='Administrator' />
			<group_enabled value='true' />
			<group_home_page value='https://www.jccap.org/intranet/index.asp' />
			<group_description value='Members of this permission group are administrators of this website.' />
			<group_copy_page_list>
			</group_copy_page_list>
			<group_show_all_templates value='true' />
			<group_allow_delete_files value='true' />
			<group_allow_delete_rollbacks value='false' />
			<group_templates_list>
			</group_templates_list>
			<group_full_edit_access value='true' />
			<group_edit_access_list>
			</group_edit_access_list>
			<style_user_can_change value='true' />
			<style_use_standard_html value='true' />
			<style_use_css value='true' />
			<font_user_can_change value='true' />
			<font_use_font_tag value='true' />
			<font_use_css value='true' />
			<font_units value='' />
			<font_list>
			</font_list>
			<edit_text_only_in_non_templates value='false' />
			<edit_allow_code_deletion value='false' />
			<edit_allow_multiple_spaces value='true' />
			<edit_single_line_paragraphs_use_css value='true' />
			<edit_use_strong_and_em value='true' />
			<edit_show_accessibility_options value='false' />
			<edit_line_ending value='3338' />
			<new_allow_blank_docs value='true' />
			<new_allow_example_docs value='true' />
			<new_allow_copy_docs value='true' />
			<new_unlimited_image_size value='true' />
			<new_max_image_size_k value='64' />
		</group_list_item>
		<group_list_item>
			<group_name value='Users' />
			<group_enabled value='true' />
			<group_home_page value='https://www.jccap.org/intranet/index.asp' />
			<group_description value='Members of this permission group are users of this website.' />
			<group_copy_page_list>
			</group_copy_page_list>
			<group_show_all_templates value='true' />
			<group_allow_delete_files value='false' />
			<group_allow_delete_rollbacks value='false' />
			<group_templates_list>
			</group_templates_list>
			<group_full_edit_access value='true' />
			<group_edit_access_list>
			</group_edit_access_list>
			<style_user_can_change value='true' />
			<style_use_standard_html value='true' />
			<style_use_css value='true' />
			<font_user_can_change value='true' />
			<font_use_font_tag value='true' />
			<font_use_css value='true' />
			<font_units value='' />
			<font_list>
			</font_list>
			<edit_text_only_in_non_templates value='false' />
			<edit_allow_code_deletion value='false' />
			<edit_allow_multiple_spaces value='true' />
			<edit_single_line_paragraphs_use_css value='true' />
			<edit_use_strong_and_em value='true' />
			<edit_show_accessibility_options value='false' />
			<edit_line_ending value='3338' />
			<new_allow_blank_docs value='true' />
			<new_allow_example_docs value='true' />
			<new_allow_copy_docs value='true' />
			<new_unlimited_image_size value='true' />
			<new_max_image_size_k value='64' />
		</group_list_item>
	</group_list>
	<web_server_settings>
		<index_files>
			<index_file value='index.htm' />
			<index_file value='default.htm' />
			<index_file value='index.html' />
			<index_file value='default.html' />
			<index_file value='index.shtm' />
			<index_file value='default.shtm' />
			<index_file value='index.shtml' />
			<index_file value='default.shtml' />
			<index_file value='index.asp' />
			<index_file value='default.asp' />
			<index_file value='index.aspx' />
			<index_file value='default.aspx' />
			<index_file value='index.ascx' />
			<index_file value='default.ascx' />
			<index_file value='index.cfm' />
			<index_file value='default.cfm' />
			<index_file value='index.cfml' />
			<index_file value='default.cfml' />
			<index_file value='index.php' />
			<index_file value='default.php' />
			<index_file value='index.php3' />
			<index_file value='default.php3' />
			<index_file value='index.php4' />
			<index_file value='default.php4' />
			<index_file value='index.phtml' />
			<index_file value='default.phtml' />
			<index_file value='index.jsp' />
			<index_file value='default.jsp' />
			<index_file value='index.inc' />
			<index_file value='default.inc' />
		</index_files>
		<url_aliases>
			<url_alias value='https://www.jccap.org/intranet/' />
			<url_alias value='https://jccap.org/intranet/' />
			<url_alias value='https://www/intranet/' />
		</url_aliases>
	</web_server_settings>
</macromedia_dreamweaver_hub>
